state_fips,county_fips,county_name,pop18
1,01001,Autauga County,55533
1,01003,Baldwin County,217855
1,01005,Barbour County,24872
1,01007,Bibb County,22367
1,01009,Blount County,57771
1,01011,Bullock County,10174
1,01013,Butler County,19631
1,01015,Calhoun County,114331
1,01017,Chambers County,33600
1,01019,Cherokee County,26014
1,01021,Chilton County,44163
1,01023,Choctaw County,12833
1,01025,Clarke County,23918
1,01027,Clay County,13294
1,01029,Cleburne County,15010
1,01031,Coffee County,51950
1,01033,Colbert County,55004
1,01035,Conecuh County,12292
1,01037,Coosa County,10643
1,01039,Covington County,36953
1,01041,Crenshaw County,13825
1,01043,Cullman County,83418
1,01045,Dale County,49143
1,01047,Dallas County,38294
1,01049,DeKalb County,71407
1,01051,Elmore County,81011
1,01053,Escambia County,36524
1,01055,Etowah County,102611
1,01057,Fayette County,16445
1,01059,Franklin County,31298
1,01061,Geneva County,26306
1,01063,Greene County,8209
1,01065,Hale County,14749
1,01067,Henry County,17173
1,01069,Houston County,104770
1,01071,Jackson County,51621
1,01073,Jefferson County,659429
1,01075,Lamar County,13882
1,01077,Lauderdale County,92604
1,01079,Lawrence County,32941
1,01081,Lee County,163656
1,01083,Limestone County,96177
1,01085,Lowndes County,9974
1,01087,Macon County,18321
1,01089,Madison County,367004
1,01091,Marengo County,19056
1,01093,Marion County,29750
1,01095,Marshall County,96170
1,01097,Mobile County,413908
1,01099,Monroe County,21062
1,01101,Montgomery County,226504
1,01103,Morgan County,119203
1,01105,Perry County,9070
1,01107,Pickens County,19980
1,01109,Pike County,33242
1,01111,Randolph County,22727
1,01113,Russell County,57784
1,01115,St. Clair County,88654
1,01117,Shelby County,215583
1,01119,Sumter County,12634
1,01121,Talladega County,80137
1,01123,Tallapoosa County,40535
1,01125,Tuscaloosa County,208319
1,01127,Walker County,63669
1,01129,Washington County,16402
1,01131,Wilcox County,10599
1,01133,Winston County,23693
2,02013,Aleutians East Borough,3395
2,02016,Aleutians West Census Area,5640
2,02020,Anchorage Municipality,290521
2,02050,Bethel Census Area,18219
2,02060,Bristol Bay Borough,880
2,02068,Denali Borough,2032
2,02070,Dillingham Census Area,4991
2,02090,Fairbanks North Star Borough,98565
2,02100,Haines Borough,2488
2,02105,Hoonah-Angoon Census Area,2155
2,02110,Juneau City and Borough,32037
2,02122,Kenai Peninsula Borough,58561
2,02130,Ketchikan Gateway Borough,13856
2,02150,Kodiak Island Borough,13250
2,02158,Kusilvak Census Area,8323
2,02164,Lake and Peninsula Borough,1596
2,02170,Matanuska-Susitna Borough,107115
2,02180,Nome Census Area,10053
2,02185,North Slope Borough,9850
2,02188,Northwest Arctic Borough,7694
2,02195,Petersburg Borough,3244
2,02198,Prince of Wales-Hyder Census Area,6360
2,02220,Sitka City and Borough,8554
2,02230,Skagway Municipality,1169
2,02240,Southeast Fairbanks Census Area,6937
2,02261,Valdez-Cordova Census Area,9161
2,02275,Wrangell City and Borough,2538
2,02282,Yakutat City and Borough,596
2,02290,Yukon-Koyukuk Census Area,5359
4,04001,Apache County,71731
4,04003,Cochise County,126411
4,04005,Coconino County,142523
4,04007,Gila County,53801
4,04009,Graham County,37995
4,04011,Greenlee County,9448
4,04012,La Paz County,21039
4,04013,Maricopa County,4402403
4,04015,Mohave County,209292
4,04017,Navajo County,110242
4,04019,Pima County,1036554
4,04021,Pinal County,446806
4,04023,Santa Cruz County,46395
4,04025,Yavapai County,231772
4,04027,Yuma County,211612
5,05001,Arkansas County,17726
5,05003,Ashley County,20012
5,05005,Baxter County,41624
5,05007,Benton County,272266
5,05009,Boone County,37385
5,05011,Bradley County,10838
5,05013,Calhoun County,5227
5,05015,Carroll County,28097
5,05017,Chicot County,10442
5,05019,Clark County,22313
5,05021,Clay County,14763
5,05023,Cleburne County,24994
5,05025,Cleveland County,7995
5,05027,Columbia County,23586
5,05029,Conway County,20825
5,05031,Craighead County,108816
5,05033,Crawford County,63379
5,05035,Crittenden County,48363
5,05037,Cross County,16630
5,05039,Dallas County,7152
5,05041,Desha County,11507
5,05043,Drew County,18328
5,05045,Faulkner County,125138
5,05047,Franklin County,17764
5,05049,Fulton County,12308
5,05051,Garland County,98966
5,05053,Grant County,18180
5,05055,Greene County,45339
5,05057,Hempstead County,21685
5,05059,Hot Spring County,33672
5,05061,Howard County,13302
5,05063,Independence County,37768
5,05065,Izard County,13582
5,05067,Jackson County,16753
5,05069,Jefferson County,68067
5,05071,Johnson County,26659
5,05073,Lafayette County,6679
5,05075,Lawrence County,16432
5,05077,Lee County,8976
5,05079,Lincoln County,13184
5,05081,Little River County,12297
5,05083,Logan County,21673
5,05085,Lonoke County,73391
5,05087,Madison County,16362
5,05089,Marion County,16665
5,05091,Miller County,43362
5,05093,Mississippi County,41236
5,05095,Monroe County,6880
5,05097,Montgomery County,8910
5,05099,Nevada County,8308
5,05101,Newton County,7800
5,05103,Ouachita County,23620
5,05105,Perry County,10380
5,05107,Phillips County,18054
5,05109,Pike County,10666
5,05111,Poinsett County,23903
5,05113,Polk County,20019
5,05115,Pope County,63594
5,05117,Prairie County,8082
5,05119,Pulaski County,391918
5,05121,Randolph County,17970
5,05123,St. Francis County,25509
5,05125,Saline County,121074
5,05127,Scott County,10339
5,05129,Searcy County,7930
5,05131,Sebastian County,127570
5,05133,Sevier County,17061
5,05135,Sharp County,17290
5,05137,Stone County,12454
5,05139,Union County,39139
5,05141,Van Buren County,16635
5,05143,Washington County,236611
5,05145,White County,78381
5,05147,Woodruff County,6466
5,05149,Yell County,21462
6,06001,Alameda County,1666756
6,06003,Alpine County,1089
6,06005,Amador County,39405
6,06007,Butte County,230339
6,06009,Calaveras County,45698
6,06011,Colusa County,21418
6,06013,Contra Costa County,1150519
6,06015,Del Norte County,27740
6,06017,El Dorado County,190746
6,06019,Fresno County,991950
6,06021,Glenn County,27967
6,06023,Humboldt County,136244
6,06025,Imperial County,181523
6,06027,Inyo County,17946
6,06029,Kern County,893758
6,06031,Kings County,151382
6,06033,Lake County,64317
6,06035,Lassen County,30618
6,06037,Los Angeles County,10073906
6,06039,Madera County,156882
6,06041,Marin County,259662
6,06043,Mariposa County,17405
6,06045,Mendocino County,87401
6,06047,Merced County,274151
6,06049,Modoc County,8800
6,06051,Mono County,14403
6,06053,Monterey County,433950
6,06055,Napa County,138789
6,06057,Nevada County,99508
6,06059,Orange County,3175973
6,06061,Placer County,392330
6,06063,Plumas County,18741
6,06065,Riverside County,2445789
6,06067,Sacramento County,1538746
6,06069,San Benito County,61467
6,06071,San Bernardino County,2166753
6,06073,San Diego County,3333861
6,06075,San Francisco County,880696
6,06077,San Joaquin County,752491
6,06079,San Luis Obispo County,283354
6,06081,San Mateo County,768681
6,06083,Santa Barbara County,445780
6,06085,Santa Clara County,1932337
6,06087,Santa Cruz County,273841
6,06089,Shasta County,179709
6,06091,Sierra County,2997
6,06093,Siskiyou County,43550
6,06095,Solano County,445725
6,06097,Sonoma County,498643
6,06099,Stanislaus County,548126
6,06101,Sutter County,96348
6,06103,Tehama County,64018
6,06105,Trinity County,12567
6,06107,Tulare County,464589
6,06109,Tuolumne County,54387
6,06111,Ventura County,848142
6,06113,Yolo County,220118
6,06115,Yuba County,77557
8,08001,Adams County,511354
8,08003,Alamosa County,16248
8,08005,Arapahoe County,651797
8,08007,Archuleta County,13730
8,08009,Baca County,3584
8,08011,Bent County,5808
8,08013,Boulder County,324636
8,08014,Broomfield County,69324
8,08015,Chaffee County,20041
8,08017,Cheyenne County,1859
8,08019,Clear Creek County,9604
8,08021,Conejos County,8181
8,08023,Costilla County,3812
8,08025,Crowley County,5957
8,08027,Custer County,4934
8,08029,Delta County,30884
8,08031,Denver County,716265
8,08033,Dolores County,2060
8,08035,Douglas County,342989
8,08037,Eagle County,54943
8,08039,Elbert County,26303
8,08041,El Paso County,712089
8,08043,Fremont County,47959
8,08045,Garfield County,59701
8,08047,Gilpin County,6112
8,08049,Grand County,15511
8,08051,Gunnison County,17167
8,08053,Hinsdale County,808
8,08055,Huerfano County,6887
8,08057,Jackson County,1395
8,08059,Jefferson County,579392
8,08061,Kiowa County,1379
8,08063,Kit Carson County,7159
8,08065,Lake County,7846
8,08067,La Plata County,56299
8,08069,Larimer County,350660
8,08071,Las Animas County,14508
8,08073,Lincoln County,5606
8,08075,Logan County,22268
8,08077,Mesa County,152951
8,08079,Mineral County,772
8,08081,Moffat County,13183
8,08083,Montezuma County,26152
8,08085,Montrose County,42206
8,08087,Morgan County,28769
8,08089,Otero County,18338
8,08091,Ouray County,4822
8,08093,Park County,18525
8,08095,Phillips County,4285
8,08097,Pitkin County,17976
8,08099,Prowers County,12079
8,08101,Pueblo County,167422
8,08103,Rio Blanco County,6330
8,08105,Rio Grande County,11271
8,08107,Routt County,25507
8,08109,Saguache County,6840
8,08111,San Juan County,764
8,08113,San Miguel County,8180
8,08115,Sedgwick County,2276
8,08117,Summit County,30817
8,08119,Teller County,25113
8,08121,Washington County,4888
8,08123,Weld County,314815
8,08125,Yuma County,9947
9,09001,Fairfield County,943971
9,09003,Hartford County,892580
9,09005,Litchfield County,181095
9,09007,Middlesex County,162870
9,09009,New Haven County,856971
9,09011,New London County,266285
9,09013,Tolland County,150689
9,09015,Windham County,117059
10,10001,Kent County,178540
10,10003,New Castle County,557550
10,10005,Sussex County,229389
11,11001,District of Columbia,701547
12,12001,Alachua County,268851
12,12003,Baker County,28353
12,12005,Bay County,186240
12,12007,Bradford County,27752
12,12009,Brevard County,595203
12,12011,Broward County,1946107
12,12013,Calhoun County,14543
12,12015,Charlotte County,184849
12,12017,Citrus County,147682
12,12019,Clay County,215908
12,12021,Collier County,378201
12,12023,Columbia County,70668
12,12027,DeSoto County,37368
12,12029,Dixie County,16685
12,12031,Duval County,948652
12,12033,Escambia County,315104
12,12035,Flagler County,112085
12,12037,Franklin County,11676
12,12039,Gadsden County,45927
12,12041,Gilchrist County,18284
12,12043,Glades County,13686
12,12045,Gulf County,16146
12,12047,Hamilton County,14262
12,12049,Hardee County,27168
12,12051,Hendry County,41336
12,12053,Hernando County,190582
12,12055,Highlands County,104933
12,12057,Hillsborough County,1451919
12,12059,Holmes County,19443
12,12061,Indian River County,157187
12,12063,Jackson County,48112
12,12065,Jefferson County,14321
12,12067,Lafayette County,8691
12,12069,Lake County,356720
12,12071,Lee County,754470
12,12073,Leon County,291657
12,12075,Levy County,40798
12,12077,Liberty County,8427
12,12079,Madison County,18540
12,12081,Manatee County,394387
12,12083,Marion County,359062
12,12085,Martin County,160742
12,12086,Miami-Dade County,2714854
12,12087,Monroe County,74757
12,12089,Nassau County,85936
12,12091,Okaloosa County,206934
12,12093,Okeechobee County,41654
12,12095,Orange County,1381540
12,12097,Osceola County,368456
12,12099,Palm Beach County,1482876
12,12101,Pasco County,539090
12,12103,Pinellas County,973058
12,12105,Polk County,706597
12,12107,Putnam County,74043
12,12109,St. Johns County,253814
12,12111,St. Lucie County,320425
12,12113,Santa Rosa County,179295
12,12115,Sarasota County,426329
12,12117,Seminole County,468122
12,12119,Sumter County,128719
12,12121,Suwannee County,44179
12,12123,Taylor County,21545
12,12125,Union County,15328
12,12127,Volusia County,546101
12,12129,Wakulla County,32413
12,12131,Walton County,70732
12,12133,Washington County,24793
13,13001,Appling County,18526
13,13003,Atkinson County,8262
13,13005,Bacon County,11132
13,13007,Baker County,3086
13,13009,Baldwin County,44893
13,13011,Banks County,18972
13,13013,Barrow County,80834
13,13015,Bartow County,106378
13,13017,Ben Hill County,16822
13,13019,Berrien County,19266
13,13021,Bibb County,152903
13,13023,Bleckley County,12821
13,13025,Brantley County,18985
13,13027,Brooks County,15479
13,13029,Bryan County,38059
13,13031,Bulloch County,77242
13,13033,Burke County,22439
13,13035,Butts County,24192
13,13037,Calhoun County,6353
13,13039,Camden County,53651
13,13043,Candler County,10827
13,13045,Carroll County,117997
13,13047,Catoosa County,67380
13,13049,Charlton County,12919
13,13051,Chatham County,289166
13,13053,Chattahoochee County,10600
13,13055,Chattooga County,24782
13,13057,Cherokee County,253914
13,13059,Clarke County,127268
13,13061,Clay County,2884
13,13063,Clayton County,289197
13,13065,Clinch County,6603
13,13067,Cobb County,756070
13,13069,Coffee County,43055
13,13071,Colquitt County,45455
13,13073,Columbia County,154077
13,13075,Cook County,17171
13,13077,Coweta County,145998
13,13079,Crawford County,12334
13,13081,Crisp County,22617
13,13083,Dade County,16227
13,13085,Dawson County,25127
13,13087,Decatur County,26573
13,13089,DeKalb County,754906
13,13091,Dodge County,20793
13,13093,Dooly County,13709
13,13095,Dougherty County,89200
13,13097,Douglas County,145024
13,13099,Early County,10286
13,13101,Echols County,4000
13,13103,Effingham County,62228
13,13105,Elbert County,19095
13,13107,Emanuel County,22607
13,13109,Evans County,10702
13,13111,Fannin County,25981
13,13113,Fayette County,113181
13,13115,Floyd County,97964
13,13117,Forsyth County,236993
13,13119,Franklin County,23034
13,13121,Fulton County,1050131
13,13123,Gilmer County,30835
13,13125,Glascock County,2977
13,13127,Glynn County,84975
13,13129,Gordon County,57628
13,13131,Grady County,24774
13,13133,Greene County,17733
13,13135,Gwinnett County,927337
13,13137,Habersham County,45373
13,13139,Hall County,201538
13,13141,Hancock County,8368
13,13143,Haralson County,29561
13,13145,Harris County,34560
13,13147,Hart County,26071
13,13149,Heard County,11871
13,13151,Henry County,229728
13,13153,Houston County,155523
13,13155,Irwin County,9396
13,13157,Jackson County,70325
13,13159,Jasper County,14029
13,13161,Jeff Davis County,15048
13,13163,Jefferson County,15424
13,13165,Jenkins County,8765
13,13167,Johnson County,9706
13,13169,Jones County,28680
13,13171,Lamar County,18961
13,13173,Lanier County,10355
13,13175,Laurens County,47336
13,13177,Lee County,29751
13,13179,Liberty County,60606
13,13181,Lincoln County,7925
13,13183,Long County,19091
13,13185,Lowndes County,116309
13,13187,Lumpkin County,32899
13,13189,McDuffie County,21532
13,13191,McIntosh County,14322
13,13193,Macon County,13160
13,13195,Madison County,29642
13,13197,Marion County,8373
13,13199,Meriwether County,21094
13,13201,Miller County,5684
13,13205,Mitchell County,22135
13,13207,Monroe County,27503
13,13209,Montgomery County,9168
13,13211,Morgan County,18831
13,13213,Murray County,39943
13,13215,Muscogee County,194169
13,13217,Newton County,109421
13,13219,Oconee County,39478
13,13221,Oglethorpe County,15080
13,13223,Paulding County,164053
13,13225,Peach County,27363
13,13227,Pickens County,32014
13,13229,Pierce County,19388
13,13231,Pike County,18647
13,13233,Polk County,42346
13,13235,Pulaski County,11080
13,13237,Putnam County,21820
13,13239,Quitman County,2260
13,13241,Rabun County,16857
13,13243,Randolph County,6812
13,13245,Richmond County,201667
13,13247,Rockdale County,90505
13,13249,Schley County,5230
13,13251,Screven County,13960
13,13253,Seminole County,8270
13,13255,Spalding County,66107
13,13257,Stephens County,26007
13,13259,Stewart County,6435
13,13261,Sumter County,29796
13,13263,Talbot County,6290
13,13265,Taliaferro County,1612
13,13267,Tattnall County,25485
13,13269,Taylor County,8020
13,13271,Telfair County,15974
13,13273,Terrell County,8587
13,13275,Thomas County,44334
13,13277,Tift County,40542
13,13279,Toombs County,26902
13,13281,Towns County,11866
13,13283,Treutlen County,6813
13,13285,Troup County,70078
13,13287,Turner County,7908
13,13289,Twiggs County,8174
13,13291,Union County,23905
13,13293,Upson County,26185
13,13295,Walker County,69443
13,13297,Walton County,93202
13,13299,Ware County,35587
13,13301,Warren County,5247
13,13303,Washington County,20410
13,13305,Wayne County,29810
13,13307,Webster County,2606
13,13309,Wheeler County,7898
13,13311,White County,29988
13,13313,Whitfield County,104249
13,13315,Wilcox County,8827
13,13317,Wilkes County,9864
13,13319,Wilkinson County,9043
13,13321,Worth County,20302
15,15001,Hawaii County,201509
15,15003,Honolulu County,979858
15,15005,Kalawao County,86
15,15007,Kauai County,72168
15,15009,Maui County,166972
16,16001,Ada County,468764
16,16003,Adams County,4234
16,16005,Bannock County,86674
16,16007,Bear Lake County,6044
16,16009,Benewah County,9218
16,16011,Bingham County,46129
16,16013,Blaine County,22771
16,16015,Boise County,7655
16,16017,Bonner County,44705
16,16019,Bonneville County,116444
16,16021,Boundary County,12016
16,16023,Butte County,2587
16,16025,Camas County,1121
16,16027,Canyon County,223236
16,16029,Caribou County,7037
16,16031,Cassia County,23791
16,16033,Clark County,851
16,16035,Clearwater County,8758
16,16037,Custer County,4250
16,16039,Elmore County,27362
16,16041,Franklin County,13704
16,16043,Fremont County,13155
16,16045,Gem County,17587
16,16047,Gooding County,15116
16,16049,Idaho County,16476
16,16051,Jefferson County,29405
16,16053,Jerome County,24066
16,16055,Kootenai County,161209
16,16057,Latah County,39829
16,16059,Lemhi County,7932
16,16061,Lewis County,3832
16,16063,Lincoln County,5398
16,16065,Madison County,39261
16,16067,Minidoka County,20719
16,16069,Nez Perce County,40256
16,16071,Oneida County,4462
16,16073,Owyhee County,11669
16,16075,Payette County,23507
16,16077,Power County,7700
16,16079,Shoshone County,12790
16,16081,Teton County,11651
16,16083,Twin Falls County,86029
16,16085,Valley County,11021
16,16087,Washington County,10115
17,17001,Adams County,65623
17,17003,Alexander County,6041
17,17005,Bond County,16637
17,17007,Boone County,53480
17,17009,Brown County,6563
17,17011,Bureau County,32959
17,17013,Calhoun County,4829
17,17015,Carroll County,14314
17,17017,Cass County,12312
17,17019,Champaign County,209918
17,17021,Christian County,32653
17,17023,Clark County,15600
17,17025,Clay County,13266
17,17027,Clinton County,37697
17,17029,Coles County,50829
17,17031,Cook County,5171960
17,17033,Crawford County,18830
17,17035,Cumberland County,10804
17,17037,DeKalb County,104349
17,17039,De Witt County,15794
17,17041,Douglas County,19458
17,17043,DuPage County,927247
17,17045,Edgar County,17360
17,17047,Edwards County,6387
17,17049,Effingham County,34181
17,17051,Fayette County,21368
17,17053,Ford County,13212
17,17055,Franklin County,38695
17,17057,Fulton County,34830
17,17059,Gallatin County,5045
17,17061,Greene County,13065
17,17063,Grundy County,50973
17,17065,Hamilton County,8148
17,17067,Hancock County,17828
17,17069,Hardin County,3893
17,17071,Henderson County,6697
17,17073,Henry County,49069
17,17075,Iroquois County,27484
17,17077,Jackson County,57289
17,17079,Jasper County,9624
17,17081,Jefferson County,37708
17,17083,Jersey County,21795
17,17085,Jo Daviess County,21331
17,17087,Johnson County,12423
17,17089,Kane County,532720
17,17091,Kankakee County,109953
17,17093,Kendall County,127717
17,17095,Knox County,49978
17,17097,Lake County,699587
17,17099,LaSalle County,109159
17,17101,Lawrence County,15813
17,17103,Lee County,34296
17,17105,Livingston County,35714
17,17107,Logan County,28912
17,17109,McDonough County,29984
17,17111,McHenry County,308251
17,17113,McLean County,172410
17,17115,Macon County,104504
17,17117,Macoupin County,45318
17,17119,Madison County,264026
17,17121,Marion County,37381
17,17123,Marshall County,11483
17,17125,Mason County,13533
17,17127,Massac County,14023
17,17129,Menard County,12289
17,17131,Mercer County,15551
17,17133,Monroe County,34373
17,17135,Montgomery County,28691
17,17137,Morgan County,34027
17,17139,Moultrie County,14648
17,17141,Ogle County,50781
17,17143,Peoria County,180620
17,17145,Perry County,21144
17,17147,Piatt County,16366
17,17149,Pike County,15595
17,17151,Pope County,4184
17,17153,Pulaski County,5434
17,17155,Putnam County,5736
17,17157,Randolph County,32177
17,17159,Richland County,15695
17,17161,Rock Island County,142621
17,17163,St. Clair County,261360
17,17165,Saline County,23789
17,17167,Sangamon County,195639
17,17169,Schuyler County,6870
17,17171,Scott County,4927
17,17173,Shelby County,21726
17,17175,Stark County,5418
17,17177,Stephenson County,44797
17,17179,Tazewell County,132450
17,17181,Union County,16832
17,17183,Vermilion County,76702
17,17185,Wabash County,11523
17,17187,Warren County,16992
17,17189,Washington County,13999
17,17191,Wayne County,16326
17,17193,White County,13618
17,17195,Whiteside County,55553
17,17197,Will County,691149
17,17199,Williamson County,66982
17,17201,Winnebago County,283630
17,17203,Woodford County,38527
18,18001,Adams County,35595
18,18003,Allen County,375079
18,18005,Bartholomew County,82722
18,18007,Benton County,8653
18,18009,Blackford County,11924
18,18011,Boone County,66930
18,18013,Brown County,15230
18,18015,Carroll County,20188
18,18017,Cass County,37895
18,18019,Clark County,117280
18,18021,Clay County,26175
18,18023,Clinton County,32192
18,18025,Crawford County,10594
18,18027,Daviess County,33278
18,18029,Dearborn County,49482
18,18031,Decatur County,26725
18,18033,DeKalb County,43208
18,18035,Delaware County,114297
18,18037,Dubois County,42674
18,18039,Elkhart County,205617
18,18041,Fayette County,23076
18,18043,Floyd County,77834
18,18045,Fountain County,16390
18,18047,Franklin County,22706
18,18049,Fulton County,20053
18,18051,Gibson County,33610
18,18053,Grant County,66039
18,18055,Greene County,32059
18,18057,Hamilton County,330311
18,18059,Hancock County,76478
18,18061,Harrison County,40214
18,18063,Hendricks County,166908
18,18065,Henry County,48131
18,18067,Howard County,82257
18,18069,Huntington County,36243
18,18071,Jackson County,44068
18,18073,Jasper County,33365
18,18075,Jay County,20727
18,18077,Jefferson County,32157
18,18079,Jennings County,27679
18,18081,Johnson County,156093
18,18083,Knox County,36596
18,18085,Kosciusko County,79416
18,18087,LaGrange County,39375
18,18089,Lake County,484440
18,18091,LaPorte County,109981
18,18093,Lawrence County,45630
18,18095,Madison County,129573
18,18097,Marion County,958700
18,18099,Marshall County,46296
18,18101,Martin County,10219
18,18103,Miami County,35646
18,18105,Monroe County,147230
18,18107,Montgomery County,38274
18,18109,Morgan County,70137
18,18111,Newton County,13986
18,18113,Noble County,47543
18,18115,Ohio County,5879
18,18117,Orange County,19548
18,18119,Owen County,20862
18,18121,Parke County,16978
18,18123,Perry County,19077
18,18125,Pike County,12388
18,18127,Porter County,169488
18,18129,Posey County,25554
18,18131,Pulaski County,12492
18,18133,Putnam County,37486
18,18135,Randolph County,24806
18,18137,Ripley County,28450
18,18139,Rush County,16635
18,18141,St. Joseph County,270972
18,18143,Scott County,23784
18,18145,Shelby County,44522
18,18147,Spencer County,20385
18,18149,Starke County,22951
18,18151,Steuben County,34487
18,18153,Sullivan County,20696
18,18155,Switzerland County,10731
18,18157,Tippecanoe County,193817
18,18159,Tipton County,15112
18,18161,Union County,7029
18,18163,Vanderburgh County,181120
18,18165,Vermillion County,15510
18,18167,Vigo County,107367
18,18169,Wabash County,31198
18,18171,Warren County,8280
18,18173,Warrick County,62474
18,18175,Washington County,27932
18,18177,Wayne County,66046
18,18179,Wells County,28083
18,18181,White County,24133
18,18183,Whitley County,34047
19,19001,Adair County,7074
19,19003,Adams County,3644
19,19005,Allamakee County,13852
19,19007,Appanoose County,12401
19,19009,Audubon County,5471
19,19011,Benton County,25625
19,19013,Black Hawk County,131723
19,19015,Boone County,26312
19,19017,Bremer County,24941
19,19019,Buchanan County,21178
19,19021,Buena Vista County,19826
19,19023,Butler County,14525
19,19025,Calhoun County,9711
19,19027,Carroll County,20153
19,19029,Cass County,12948
19,19031,Cedar County,18564
19,19033,Cerro Gordo County,42642
19,19035,Cherokee County,11295
19,19037,Chickasaw County,11952
19,19039,Clarke County,9502
19,19041,Clay County,16106
19,19043,Clayton County,17540
19,19045,Clinton County,46437
19,19047,Crawford County,17089
19,19049,Dallas County,89953
19,19051,Davis County,8972
19,19053,Decatur County,7890
19,19055,Delaware County,17081
19,19057,Des Moines County,39149
19,19059,Dickinson County,17121
19,19061,Dubuque County,96922
19,19063,Emmet County,9277
19,19065,Fayette County,19679
19,19067,Floyd County,15752
19,19069,Franklin County,10085
19,19071,Fremont County,6981
19,19073,Greene County,8965
19,19075,Grundy County,12272
19,19077,Guthrie County,10720
19,19079,Hamilton County,14886
19,19081,Hancock County,10710
19,19083,Hardin County,16937
19,19085,Harrison County,14105
19,19087,Henry County,20033
19,19089,Howard County,9172
19,19091,Humboldt County,9559
19,19093,Ida County,6846
19,19095,Iowa County,16155
19,19097,Jackson County,19427
19,19099,Jasper County,37189
19,19101,Jefferson County,18256
19,19103,Johnson County,150549
19,19105,Jones County,20673
19,19107,Keokuk County,10213
19,19109,Kossuth County,14878
19,19111,Lee County,33909
19,19113,Linn County,225763
19,19115,Louisa County,11153
19,19117,Lucas County,8617
19,19119,Lyon County,11815
19,19121,Madison County,16206
19,19123,Mahaska County,22018
19,19125,Marion County,33259
19,19127,Marshall County,39888
19,19129,Mills County,15068
19,19131,Mitchell County,10571
19,19133,Monona County,8659
19,19135,Monroe County,7768
19,19137,Montgomery County,9961
19,19139,Muscatine County,42874
19,19141,O'Brien County,13798
19,19143,Osceola County,6028
19,19145,Page County,15229
19,19147,Palo Alto County,8903
19,19149,Plymouth County,25024
19,19151,Pocahontas County,6714
19,19153,Polk County,485833
19,19155,Pottawattamie County,93264
19,19157,Poweshiek County,18467
19,19159,Ringgold County,4940
19,19161,Sac County,9705
19,19163,Scott County,172803
19,19165,Shelby County,11559
19,19167,Sioux County,34802
19,19169,Story County,96781
19,19171,Tama County,16869
19,19173,Taylor County,6160
19,19175,Union County,12298
19,19177,Van Buren County,7013
19,19179,Wapello County,34991
19,19181,Warren County,51014
19,19183,Washington County,22058
19,19185,Wayne County,6405
19,19187,Webster County,36339
19,19189,Winnebago County,10539
19,19191,Winneshiek County,20017
19,19193,Woodbury County,102515
19,19195,Worth County,7413
19,19197,Wright County,12690
20,20001,Allen County,12501
20,20003,Anderson County,7848
20,20005,Atchison County,16173
20,20007,Barber County,4465
20,20009,Barton County,26057
20,20011,Bourbon County,14542
20,20013,Brown County,9610
20,20015,Butler County,66833
20,20017,Chase County,2600
20,20019,Chautauqua County,3304
20,20021,Cherokee County,20035
20,20023,Cheyenne County,2645
20,20025,Clark County,1994
20,20027,Clay County,8003
20,20029,Cloud County,8734
20,20031,Coffey County,8232
20,20033,Comanche County,1736
20,20035,Cowley County,35149
20,20037,Crawford County,38911
20,20039,Decatur County,2860
20,20041,Dickinson County,18682
20,20043,Doniphan County,7658
20,20045,Douglas County,121109
20,20047,Edwards County,2820
20,20049,Elk County,2484
20,20051,Ellis County,28646
20,20053,Ellsworth County,6163
20,20055,Finney County,36528
20,20057,Ford County,33877
20,20059,Franklin County,25625
20,20061,Geary County,32777
20,20063,Gove County,2611
20,20065,Graham County,2475
20,20067,Grant County,7294
20,20069,Gray County,6076
20,20071,Greeley County,1229
20,20073,Greenwood County,6011
20,20075,Hamilton County,2600
20,20077,Harper County,5508
20,20079,Harvey County,34183
20,20081,Haskell County,3990
20,20083,Hodgeman County,1822
20,20085,Jackson County,13270
20,20087,Jefferson County,18856
20,20089,Jewell County,2845
20,20091,Johnson County,598127
20,20093,Kearny County,3941
20,20095,Kingman County,7220
20,20097,Kiowa County,2489
20,20099,Labette County,19906
20,20101,Lane County,1546
20,20103,Leavenworth County,81497
20,20105,Lincoln County,2998
20,20107,Linn County,9771
20,20109,Logan County,2812
20,20111,Lyon County,33300
20,20113,McPherson County,28528
20,20115,Marion County,11923
20,20117,Marshall County,9715
20,20119,Meade County,4098
20,20121,Miami County,33737
20,20123,Mitchell County,6110
20,20125,Montgomery County,32091
20,20127,Morris County,5557
20,20129,Morton County,2693
20,20131,Nemaha County,10125
20,20133,Neosho County,16025
20,20135,Ness County,2796
20,20137,Norton County,5419
20,20139,Osage County,15938
20,20141,Osborne County,3459
20,20143,Ottawa County,5752
20,20145,Pawnee County,6573
20,20147,Phillips County,5276
20,20149,Pottawatomie County,24209
20,20151,Pratt County,9340
20,20153,Rawlins County,2502
20,20155,Reno County,62331
20,20157,Republic County,4652
20,20159,Rice County,9483
20,20161,Riley County,74712
20,20163,Rooks County,4995
20,20165,Rush County,3056
20,20167,Russell County,6902
20,20169,Saline County,54387
20,20171,Scott County,4909
20,20173,Sedgwick County,513484
20,20175,Seward County,21902
20,20177,Shawnee County,177290
20,20179,Sheridan County,2522
20,20181,Sherman County,5917
20,20183,Smith County,3590
20,20185,Stafford County,4162
20,20187,Stanton County,2025
20,20189,Stevens County,5536
20,20191,Sumner County,23019
20,20193,Thomas County,7710
20,20195,Trego County,2797
20,20197,Wabaunsee County,6912
20,20199,Wallace County,1489
20,20201,Washington County,5450
20,20203,Wichita County,2112
20,20205,Wilson County,8666
20,20207,Woodson County,3184
20,20209,Wyandotte County,165321
21,21001,Adair County,19199
21,21003,Allen County,21122
21,21005,Anderson County,22641
21,21007,Ballard County,7992
21,21009,Barren County,44115
21,21011,Bath County,12444
21,21013,Bell County,26487
21,21015,Boone County,131901
21,21017,Bourbon County,20116
21,21019,Boyd County,47292
21,21021,Boyle County,30082
21,21023,Bracken County,8278
21,21025,Breathitt County,12787
21,21027,Breckinridge County,20309
21,21029,Bullitt County,81009
21,21031,Butler County,12743
21,21033,Caldwell County,12716
21,21035,Calloway County,38964
21,21037,Campbell County,93464
21,21039,Carlisle County,4739
21,21041,Carroll County,10712
21,21043,Carter County,27040
21,21045,Casey County,15926
21,21047,Christian County,70712
21,21049,Clark County,36180
21,21051,Clay County,20088
21,21053,Clinton County,10152
21,21055,Crittenden County,8896
21,21057,Cumberland County,6693
21,21059,Daviess County,100883
21,21061,Edmonson County,12249
21,21063,Elliott County,7499
21,21065,Estill County,14150
21,21067,Fayette County,322426
21,21069,Fleming County,14485
21,21071,Floyd County,35896
21,21073,Franklin County,50801
21,21075,Fulton County,6066
21,21077,Gallatin County,8766
21,21079,Garrard County,17519
21,21081,Grant County,25065
21,21083,Graves County,37319
21,21085,Grayson County,26293
21,21087,Green County,10998
21,21089,Greenup County,35332
21,21091,Hancock County,8738
21,21093,Hardin County,110279
21,21095,Harlan County,26309
21,21097,Harrison County,18780
21,21099,Hart County,18902
21,21101,Henderson County,45512
21,21103,Henry County,16061
21,21105,Hickman County,4431
21,21107,Hopkins County,45024
21,21109,Jackson County,13403
21,21111,Jefferson County,768101
21,21113,Jessamine County,53757
21,21115,Johnson County,22391
21,21117,Kenton County,166292
21,21119,Knott County,15076
21,21121,Knox County,31300
21,21123,Larue County,14299
21,21125,Laurel County,60660
21,21127,Lawrence County,15583
21,21129,Lee County,7052
21,21131,Leslie County,10151
21,21133,Letcher County,21813
21,21135,Lewis County,13268
21,21137,Lincoln County,24612
21,21139,Livingston County,9244
21,21141,Logan County,26983
21,21143,Lyon County,8171
21,21145,McCracken County,65307
21,21147,McCreary County,17290
21,21149,McLean County,9258
21,21151,Madison County,92107
21,21153,Magoffin County,12323
21,21155,Marion County,19326
21,21157,Marshall County,31202
21,21159,Martin County,11325
21,21161,Mason County,17080
21,21163,Meade County,28623
21,21165,Menifee County,6437
21,21167,Mercer County,21702
21,21169,Metcalfe County,10070
21,21171,Monroe County,10732
21,21173,Montgomery County,28109
21,21175,Morgan County,13372
21,21177,Muhlenberg County,30811
21,21179,Nelson County,45813
21,21181,Nicholas County,7195
21,21183,Ohio County,24064
21,21185,Oldham County,66512
21,21187,Owen County,10881
21,21189,Owsley County,4474
21,21191,Pendleton County,14588
21,21193,Perry County,26208
21,21195,Pike County,58492
21,21197,Powell County,12371
21,21199,Pulaski County,64584
21,21201,Robertson County,2130
21,21203,Rockcastle County,16823
21,21205,Rowan County,24503
21,21207,Russell County,17790
21,21209,Scott County,55968
21,21211,Shelby County,48059
21,21213,Simpson County,18403
21,21215,Spencer County,19021
21,21217,Taylor County,25514
21,21219,Todd County,12306
21,21221,Trigg County,14658
21,21223,Trimble County,8468
21,21225,Union County,14471
21,21227,Warren County,130750
21,21229,Washington County,12023
21,21231,Wayne County,20430
21,21233,Webster County,13051
21,21235,Whitley County,36101
21,21237,Wolfe County,7199
21,21239,Woodford County,26491
22,22001,Acadia Parish,62214
22,22003,Allen Parish,25567
22,22005,Ascension Parish,124858
22,22007,Assumption Parish,22279
22,22009,Avoyelles Parish,40402
22,22011,Beauregard Parish,37369
22,22013,Bienville Parish,13343
22,22015,Bossier Parish,127022
22,22017,Caddo Parish,242833
22,22019,Calcasieu Parish,203177
22,22021,Caldwell Parish,9964
22,22023,Cameron Parish,7013
22,22025,Catahoula Parish,9606
22,22027,Claiborne Parish,15895
22,22029,Concordia Parish,19586
22,22031,De Soto Parish,27426
22,22033,East Baton Rouge Parish,442058
22,22035,East Carroll Parish,6994
22,22037,East Feliciana Parish,19286
22,22039,Evangeline Parish,33496
22,22041,Franklin Parish,20164
22,22043,Grant Parish,22436
22,22045,Iberia Parish,70905
22,22047,Iberville Parish,32693
22,22049,Jackson Parish,15912
22,22051,Jefferson Parish,433884
22,22053,Jefferson Davis Parish,31537
22,22055,Lafayette Parish,243113
22,22057,Lafourche Parish,97981
22,22059,LaSalle Parish,14901
22,22061,Lincoln Parish,47112
22,22063,Livingston Parish,139394
22,22065,Madison Parish,11196
22,22067,Morehouse Parish,25324
22,22069,Natchitoches Parish,38616
22,22071,Orleans Parish,391004
22,22073,Ouachita Parish,154571
22,22075,Plaquemines Parish,23385
22,22077,Pointe Coupee Parish,21879
22,22079,Rapides Parish,130326
22,22081,Red River Parish,8526
22,22083,Richland Parish,20223
22,22085,Sabine Parish,23901
22,22087,St. Bernard Parish,46780
22,22089,St. Charles Parish,52775
22,22091,St. Helena Parish,10187
22,22093,St. James Parish,21151
22,22095,St. John the Baptist Parish,43119
22,22097,St. Landry Parish,82782
22,22099,St. Martin Parish,53562
22,22101,St. Mary Parish,49841
22,22103,St. Tammany Parish,258035
22,22105,Tangipahoa Parish,133837
22,22107,Tensas Parish,4470
22,22109,Terrebonne Parish,111163
22,22111,Union Parish,22243
22,22113,Vermilion Parish,59886
22,22115,Vernon Parish,48101
22,22117,Washington Parish,46588
22,22119,Webster Parish,38792
22,22121,West Baton Rouge Parish,26400
22,22123,West Carroll Parish,10977
22,22125,West Feliciana Parish,15492
22,22127,Winn Parish,14138
23,23001,Androscoggin County,107914
23,23003,Aroostook County,67318
23,23005,Cumberland County,293673
23,23007,Franklin County,29915
23,23009,Hancock County,54734
23,23011,Kennebec County,122044
23,23013,Knox County,39717
23,23015,Lincoln County,34399
23,23017,Oxford County,57754
23,23019,Penobscot County,151817
23,23021,Piscataquis County,16746
23,23023,Sagadahoc County,35690
23,23025,Somerset County,50489
23,23027,Waldo County,39657
23,23029,Washington County,31321
23,23031,York County,205869
24,24001,Allegany County,70941
24,24003,Anne Arundel County,575523
24,24005,Baltimore County,827859
24,24009,Calvert County,92065
24,24011,Caroline County,33306
24,24013,Carroll County,168267
24,24015,Cecil County,102644
24,24017,Charles County,161476
24,24019,Dorchester County,31960
24,24021,Frederick County,254943
24,24023,Garrett County,29133
24,24025,Harford County,253882
24,24027,Howard County,322621
24,24029,Kent County,19434
24,24031,Montgomery County,1048478
24,24033,Prince George's County,909619
24,24035,Queen Anne's County,50148
24,24037,St. Mary's County,112720
24,24039,Somerset County,25606
24,24041,Talbot County,37074
24,24043,Washington County,150656
24,24045,Wicomico County,103044
24,24047,Worcester County,51960
24,24510,Baltimore city,602443
25,25001,Barnstable County,213471
25,25003,Berkshire County,125901
25,25005,Bristol County,564092
25,25007,Dukes County,17329
25,25009,Essex County,788183
25,25011,Franklin County,70611
25,25013,Hampden County,468388
25,25015,Hampshire County,161139
25,25017,Middlesex County,1608470
25,25019,Nantucket County,11198
25,25021,Norfolk County,703230
25,25023,Plymouth County,518422
25,25025,Suffolk County,803147
25,25027,Worcester County,829054
26,26001,Alcona County,10360
26,26003,Alger County,9118
26,26005,Allegan County,117173
26,26007,Alpena County,28384
26,26009,Antrim County,23323
26,26011,Arenac County,15008
26,26013,Baraga County,8324
26,26015,Barry County,61231
26,26017,Bay County,103702
26,26019,Benzie County,17761
26,26021,Berrien County,153790
26,26023,Branch County,43566
26,26025,Calhoun County,134049
26,26027,Cass County,51725
26,26029,Charlevoix County,26187
26,26031,Cheboygan County,25504
26,26033,Chippewa County,37461
26,26035,Clare County,30735
26,26037,Clinton County,79219
26,26039,Crawford County,13905
26,26041,Delta County,35843
26,26043,Dickinson County,25371
26,26045,Eaton County,109710
26,26047,Emmet County,33225
26,26049,Genesee County,406688
26,26051,Gladwin County,25326
26,26053,Gogebic County,15116
26,26055,Grand Traverse County,92530
26,26057,Gratiot County,40602
26,26059,Hillsdale County,45702
26,26061,Houghton County,35943
26,26063,Huron County,31211
26,26065,Ingham County,291612
26,26067,Ionia County,64276
26,26069,Iosco County,25103
26,26071,Iron County,11104
26,26073,Isabella County,70463
26,26075,Jackson County,158566
26,26077,Kalamazoo County,264680
26,26079,Kalkaska County,17806
26,26081,Kent County,653350
26,26083,Keweenaw County,2090
26,26085,Lake County,11876
26,26087,Lapeer County,87921
26,26089,Leelanau County,21714
26,26091,Lenawee County,98141
26,26093,Livingston County,191190
26,26095,Luce County,6327
26,26097,Mackinac County,10781
26,26099,Macomb County,872795
26,26101,Manistee County,24455
26,26103,Marquette County,66381
26,26105,Mason County,29084
26,26107,Mecosta County,43400
26,26109,Menominee County,22927
26,26111,Midland County,83223
26,26113,Missaukee County,15101
26,26115,Monroe County,150174
26,26117,Montcalm County,63936
26,26119,Montmorency County,9275
26,26121,Muskegon County,173599
26,26123,Newaygo County,48839
26,26125,Oakland County,1256694
26,26127,Oceana County,26555
26,26129,Ogemaw County,20882
26,26131,Ontonagon County,5801
26,26133,Osceola County,23377
26,26135,Oscoda County,8224
26,26137,Otsego County,24641
26,26139,Ottawa County,289808
26,26141,Presque Isle County,12698
26,26143,Roscommon County,23812
26,26145,Saginaw County,190791
26,26147,St. Clair County,159031
26,26149,St. Joseph County,60912
26,26151,Sanilac County,41192
26,26153,Schoolcraft County,8044
26,26155,Shiawassee County,68133
26,26157,Tuscola County,52633
26,26159,Van Buren County,75481
26,26161,Washtenaw County,369483
26,26163,Wayne County,1754453
26,26165,Wexford County,33446
27,27001,Aitkin County,15887
27,27003,Anoka County,353441
27,27005,Becker County,34389
27,27007,Beltrami County,46735
27,27009,Benton County,40510
27,27011,Big Stone County,4990
27,27013,Blue Earth County,67378
27,27015,Brown County,25125
27,27017,Carlton County,35822
27,27019,Carver County,103533
27,27021,Cass County,29511
27,27023,Chippewa County,11901
27,27025,Chisago County,55972
27,27027,Clay County,64017
27,27029,Clearwater County,8815
27,27031,Cook County,5425
27,27033,Cottonwood County,11259
27,27035,Crow Wing County,64794
27,27037,Dakota County,425040
27,27039,Dodge County,20767
27,27041,Douglas County,37960
27,27043,Faribault County,13736
27,27045,Fillmore County,21044
27,27047,Freeborn County,30480
27,27049,Goodhue County,46299
27,27051,Grant County,5989
27,27053,Hennepin County,1257925
27,27055,Houston County,18572
27,27057,Hubbard County,21291
27,27059,Isanti County,39950
27,27061,Itasca County,45051
27,27063,Jackson County,9895
27,27065,Kanabec County,16246
27,27067,Kandiyohi County,42910
27,27069,Kittson County,4268
27,27071,Koochiching County,12431
27,27073,Lac qui Parle County,6664
27,27075,Lake County,10610
27,27077,Lake of the Woods County,3737
27,27079,Le Sueur County,28588
27,27081,Lincoln County,5668
27,27083,Lyon County,25583
27,27085,McLeod County,35827
27,27087,Mahnomen County,5497
27,27089,Marshall County,9383
27,27091,Martin County,19772
27,27093,Meeker County,23145
27,27095,Mille Lacs County,26100
27,27097,Morrison County,33158
27,27099,Mower County,40142
27,27101,Murray County,8254
27,27103,Nicollet County,34199
27,27105,Nobles County,21744
27,27107,Norman County,6479
27,27109,Olmsted County,156358
27,27111,Otter Tail County,58670
27,27113,Pennington County,14173
27,27115,Pine County,29468
27,27117,Pipestone County,9127
27,27119,Polk County,31411
27,27121,Pope County,11095
27,27123,Ramsey County,548872
27,27125,Red Lake County,3992
27,27127,Redwood County,15252
27,27129,Renville County,14609
27,27131,Rice County,66566
27,27133,Rock County,9401
27,27135,Roseau County,15158
27,27137,St. Louis County,199685
27,27139,Scott County,147191
27,27141,Sherburne County,95957
27,27143,Sibley County,14997
27,27145,Stearns County,159656
27,27147,Steele County,36738
27,27149,Stevens County,9752
27,27151,Swift County,9323
27,27153,Todd County,24570
27,27155,Traverse County,3291
27,27157,Wabasha County,21645
27,27159,Wadena County,13723
27,27161,Waseca County,18664
27,27163,Washington County,258899
27,27165,Watonwan County,11007
27,27167,Wilkin County,6244
27,27169,Winona County,50735
27,27171,Wright County,136313
27,27173,Yellow Medicine County,9799
28,28001,Adams County,31044
28,28003,Alcorn County,36810
28,28005,Amite County,12327
28,28007,Attala County,18328
28,28009,Benton County,8243
28,28011,Bolivar County,31115
28,28013,Calhoun County,14432
28,28015,Carroll County,9920
28,28017,Chickasaw County,17100
28,28019,Choctaw County,8265
28,28021,Claiborne County,9072
28,28023,Clarke County,15585
28,28025,Clay County,19404
28,28027,Coahoma County,22605
28,28029,Copiah County,28400
28,28031,Covington County,18825
28,28033,DeSoto County,181932
28,28035,Forrest County,74912
28,28037,Franklin County,7758
28,28039,George County,24110
28,28041,Greene County,13996
28,28043,Grenada County,20984
28,28045,Hancock County,47278
28,28047,Harrison County,206284
28,28049,Hinds County,235824
28,28051,Holmes County,17444
28,28053,Humphreys County,8256
28,28055,Issaquena County,1307
28,28057,Itawamba County,23461
28,28059,Jackson County,143127
28,28061,Jasper County,16425
28,28063,Jefferson County,7093
28,28065,Jefferson Davis County,11215
28,28067,Jones County,68196
28,28069,Kemper County,9733
28,28071,Lafayette County,53542
28,28073,Lamar County,62637
28,28075,Lauderdale County,75238
28,28077,Lawrence County,12448
28,28079,Leake County,22791
28,28081,Lee County,85276
28,28083,Leflore County,28616
28,28085,Lincoln County,34210
28,28087,Lowndes County,58760
28,28089,Madison County,105648
28,28091,Marion County,24752
28,28093,Marshall County,35436
28,28095,Monroe County,35543
28,28097,Montgomery County,9994
28,28099,Neshoba County,29151
28,28101,Newton County,21355
28,28103,Noxubee County,10550
28,28105,Oktibbeha County,49249
28,28107,Panola County,34156
28,28109,Pearl River County,55323
28,28111,Perry County,11918
28,28113,Pike County,39380
28,28115,Pontotoc County,31881
28,28117,Prentiss County,25088
28,28119,Quitman County,7055
28,28121,Rankin County,154250
28,28123,Scott County,28319
28,28125,Sharkey County,4375
28,28127,Simpson County,26717
28,28129,Smith County,16029
28,28131,Stone County,17997
28,28133,Sunflower County,26211
28,28135,Tallahatchie County,13961
28,28137,Tate County,28347
28,28139,Tippah County,22039
28,28141,Tishomingo County,19383
28,28143,Tunica County,9922
28,28145,Union County,28615
28,28147,Walthall County,14436
28,28149,Warren County,46093
28,28151,Washington County,45036
28,28153,Wayne County,20296
28,28155,Webster County,9788
28,28157,Wilkinson County,8781
28,28159,Winston County,18164
28,28161,Yalobusha County,12361
28,28163,Yazoo County,29093
29,29001,Adair County,25476
29,29003,Andrew County,17662
29,29005,Atchison County,5183
29,29007,Audrain County,25423
29,29009,Barry County,35712
29,29011,Barton County,11790
29,29013,Bates County,16304
29,29015,Benton County,19297
29,29017,Bollinger County,12189
29,29019,Boone County,179061
29,29021,Buchanan County,88163
29,29023,Butler County,42587
29,29025,Caldwell County,9071
29,29027,Callaway County,44954
29,29029,Camden County,45913
29,29031,Cape Girardeau County,78638
29,29033,Carroll County,8726
29,29035,Carter County,6083
29,29037,Cass County,104769
29,29039,Cedar County,14136
29,29041,Chariton County,7457
29,29043,Christian County,87044
29,29045,Clark County,6833
29,29047,Clay County,246360
29,29049,Clinton County,20435
29,29051,Cole County,76720
29,29053,Cooper County,17626
29,29055,Crawford County,23968
29,29057,Dade County,7564
29,29059,Dallas County,16782
29,29061,Daviess County,8334
29,29063,DeKalb County,12515
29,29065,Dent County,15547
29,29067,Douglas County,13359
29,29069,Dunklin County,29478
29,29071,Franklin County,103716
29,29073,Gasconade County,14680
29,29075,Gentry County,6598
29,29077,Greene County,291054
29,29079,Grundy County,9975
29,29081,Harrison County,8394
29,29083,Henry County,21808
29,29085,Hickory County,9458
29,29087,Holt County,4412
29,29089,Howard County,10059
29,29091,Howell County,40126
29,29093,Iron County,10187
29,29095,Jackson County,700784
29,29097,Jasper County,120455
29,29099,Jefferson County,224410
29,29101,Johnson County,53621
29,29103,Knox County,3965
29,29105,Laclede County,35596
29,29107,Lafayette County,32542
29,29109,Lawrence County,38264
29,29111,Lewis County,9839
29,29113,Lincoln County,57613
29,29115,Linn County,12039
29,29117,Livingston County,15181
29,29119,McDonald County,22963
29,29121,Macon County,15167
29,29123,Madison County,12188
29,29125,Maries County,8770
29,29127,Marion County,28540
29,29129,Mercer County,3626
29,29131,Miller County,25315
29,29133,Mississippi County,13394
29,29135,Moniteau County,16186
29,29137,Monroe County,8636
29,29139,Montgomery County,11488
29,29141,Morgan County,20414
29,29143,New Madrid County,17272
29,29145,Newton County,58158
29,29147,Nodaway County,22223
29,29149,Oregon County,10558
29,29151,Osage County,13652
29,29153,Ozark County,9070
29,29155,Pemiscot County,16256
29,29157,Perry County,19274
29,29159,Pettis County,42441
29,29161,Phelps County,44551
29,29163,Pike County,18502
29,29165,Platte County,102764
29,29167,Polk County,32214
29,29169,Pulaski County,51997
29,29171,Putnam County,4748
29,29173,Ralls County,10234
29,29175,Randolph County,24732
29,29177,Ray County,22945
29,29179,Reynolds County,6282
29,29181,Ripley County,13420
29,29183,St. Charles County,398780
29,29185,St. Clair County,9389
29,29186,Ste. Genevieve County,17877
29,29187,St. Francois County,66737
29,29189,St. Louis County,995219
29,29195,Saline County,22890
29,29197,Schuyler County,4594
29,29199,Scotland County,4938
29,29201,Scott County,38541
29,29203,Shannon County,8189
29,29205,Shelby County,5997
29,29207,Stoddard County,29264
29,29209,Stone County,31701
29,29211,Sullivan County,6233
29,29213,Taney County,55719
29,29215,Texas County,25506
29,29217,Vernon County,20492
29,29219,Warren County,34766
29,29221,Washington County,24933
29,29223,Wayne County,13132
29,29225,Webster County,39179
29,29227,Worth County,2026
29,29229,Wright County,18187
29,29510,St. Louis city,303419
30,30001,Beaverhead County,9412
30,30003,Big Horn County,13365
30,30005,Blaine County,6774
30,30007,Broadwater County,6072
30,30009,Carbon County,10691
30,30011,Carter County,1230
30,30013,Cascade County,81688
30,30015,Chouteau County,5740
30,30017,Custer County,11592
30,30019,Daniels County,1729
30,30021,Dawson County,8680
30,30023,Deer Lodge County,9129
30,30025,Fallon County,2912
30,30027,Fergus County,11117
30,30029,Flathead County,102017
30,30031,Gallatin County,111682
30,30033,Garfield County,1257
30,30035,Glacier County,13828
30,30037,Golden Valley County,822
30,30039,Granite County,3371
30,30041,Hill County,16342
30,30043,Jefferson County,12094
30,30045,Judith Basin County,1946
30,30047,Lake County,30220
30,30049,Lewis and Clark County,68622
30,30051,Liberty County,2416
30,30053,Lincoln County,19797
30,30055,McCone County,1669
30,30057,Madison County,8530
30,30059,Meagher County,1857
30,30061,Mineral County,4307
30,30063,Missoula County,118640
30,30065,Musselshell County,4632
30,30067,Park County,16648
30,30069,Petroleum County,512
30,30071,Phillips County,4060
30,30073,Pondera County,5960
30,30075,Powder River County,1720
30,30077,Powell County,6953
30,30079,Prairie County,1070
30,30081,Ravalli County,43166
30,30083,Richland County,10855
30,30085,Roosevelt County,11069
30,30087,Rosebud County,9040
30,30089,Sanders County,11847
30,30091,Sheridan County,3386
30,30093,Silver Bow County,34739
30,30095,Stillwater County,9483
30,30097,Sweet Grass County,3703
30,30099,Teton County,6117
30,30101,Toole County,4835
30,30103,Treasure County,673
30,30105,Valley County,7406
30,30107,Wheatland County,2184
30,30109,Wibaux County,1030
30,30111,Yellowstone County,160029
31,31001,Adams County,31514
31,31003,Antelope County,6308
31,31005,Arthur County,462
31,31007,Banner County,725
31,31009,Blaine County,480
31,31011,Boone County,5241
31,31013,Box Butte County,10733
31,31015,Boyd County,1950
31,31017,Brown County,2967
31,31019,Buffalo County,49352
31,31021,Burt County,6486
31,31023,Butler County,8043
31,31025,Cass County,26189
31,31027,Cedar County,8453
31,31029,Chase County,3937
31,31031,Cherry County,5763
31,31033,Cheyenne County,9282
31,31035,Clay County,6202
31,31037,Colfax County,10734
31,31039,Cuming County,8935
31,31041,Custer County,10830
31,31043,Dakota County,20002
31,31045,Dawes County,8705
31,31047,Dawson County,23744
31,31049,Deuel County,1821
31,31051,Dixon County,5700
31,31053,Dodge County,36725
31,31055,Douglas County,566391
31,31057,Dundy County,1764
31,31059,Fillmore County,5535
31,31061,Franklin County,3013
31,31063,Frontier County,2600
31,31065,Furnas County,4701
31,31067,Gage County,21495
31,31069,Garden County,1890
31,31071,Garfield County,1974
31,31073,Gosper County,1996
31,31075,Grant County,657
31,31077,Greeley County,2355
31,31079,Hall County,61286
31,31081,Hamilton County,9260
31,31083,Harlan County,3386
31,31085,Hayes County,917
31,31087,Hitchcock County,2801
31,31089,Holt County,10148
31,31091,Hooker County,676
31,31093,Howard County,6457
31,31095,Jefferson County,7098
31,31097,Johnson County,5115
31,31099,Kearney County,6539
31,31101,Keith County,8003
31,31103,Keya Paha County,806
31,31105,Kimball County,3578
31,31107,Knox County,8405
31,31109,Lancaster County,316527
31,31111,Lincoln County,35148
31,31113,Logan County,755
31,31115,Loup County,617
31,31117,McPherson County,490
31,31119,Madison County,35189
31,31121,Merrick County,7733
31,31123,Morrill County,4674
31,31125,Nance County,3506
31,31127,Nemaha County,6957
31,31129,Nuckolls County,4207
31,31131,Otoe County,15983
31,31133,Pawnee County,2623
31,31135,Perkins County,2902
31,31137,Phelps County,9006
31,31139,Pierce County,7145
31,31141,Platte County,33287
31,31143,Polk County,5240
31,31145,Red Willow County,10705
31,31147,Richardson County,7938
31,31149,Rock County,1351
31,31151,Saline County,14336
31,31153,Sarpy County,184062
31,31155,Saunders County,21274
31,31157,Scotts Bluff County,35925
31,31159,Seward County,17273
31,31161,Sheridan County,5189
31,31163,Sherman County,3044
31,31165,Sioux County,1186
31,31167,Stanton County,5970
31,31169,Thayer County,5039
31,31171,Thomas County,714
31,31173,Thurston County,7274
31,31175,Valley County,4197
31,31177,Washington County,20617
31,31179,Wayne County,9318
31,31181,Webster County,3534
31,31183,Wheeler County,802
31,31185,York County,13748
32,32001,Churchill County,24506
32,32003,Clark County,2226115
32,32005,Douglas County,48489
32,32007,Elko County,52539
32,32009,Esmeralda County,827
32,32011,Eureka County,1998
32,32013,Humboldt County,16778
32,32015,Lander County,5547
32,32017,Lincoln County,5237
32,32019,Lyon County,55813
32,32021,Mineral County,4544
32,32023,Nye County,45186
32,32027,Pershing County,6685
32,32029,Storey County,3981
32,32031,Washoe County,464354
32,32033,White Pine County,9540
32,32510,Carson City,55202
33,33001,Belknap County,61145
33,33003,Carroll County,48754
33,33005,Cheshire County,75901
33,33007,Coos County,31486
33,33009,Grafton County,89701
33,33011,Hillsborough County,414630
33,33013,Merrimack County,150650
33,33015,Rockingham County,308287
33,33017,Strafford County,129797
33,33019,Sullivan County,43114
34,34001,Atlantic County,263989
34,34003,Bergen County,932816
34,34005,Burlington County,444745
34,34007,Camden County,506353
34,34009,Cape May County,92446
34,34011,Cumberland County,150635
34,34013,Essex County,798570
34,34015,Gloucester County,291525
34,34017,Hudson County,671931
34,34019,Hunterdon County,124807
34,34021,Mercer County,368188
34,34023,Middlesex County,826172
34,34025,Monmouth County,620459
34,34027,Morris County,493070
34,34029,Ocean County,601478
34,34031,Passaic County,503183
34,34033,Salem County,62746
34,34035,Somerset County,330181
34,34037,Sussex County,140801
34,34039,Union County,556402
34,34041,Warren County,105528
35,35001,Bernalillo County,678034
35,35003,Catron County,3554
35,35005,Chaves County,64554
35,35006,Cibola County,26766
35,35007,Colfax County,12071
35,35009,Curry County,49338
35,35011,De Baca County,1779
35,35013,Doa Ana County,217278
35,35015,Eddy County,57729
35,35017,Grant County,27303
35,35019,Guadalupe County,4334
35,35021,Harding County,650
35,35023,Hidalgo County,4231
35,35025,Lea County,69543
35,35027,Lincoln County,19518
35,35028,Los Alamos County,18988
35,35029,Luna County,23877
35,35031,McKinley County,71911
35,35033,Mora County,4487
35,35035,Otero County,66659
35,35037,Quay County,8242
35,35039,Rio Arriba County,39023
35,35041,Roosevelt County,18759
35,35043,Sandoval County,145096
35,35045,San Juan County,125499
35,35047,San Miguel County,27480
35,35049,Santa Fe County,149761
35,35051,Sierra County,10949
35,35053,Socorro County,16704
35,35055,Taos County,32699
35,35057,Torrance County,15512
35,35059,Union County,4108
35,35061,Valencia County,76305
36,36001,Albany County,306585
36,36003,Allegany County,46332
36,36005,Bronx County,1432087
36,36007,Broome County,191925
36,36009,Cattaraugus County,76726
36,36011,Cayuga County,77121
36,36013,Chautauqua County,127472
36,36015,Chemung County,83935
36,36017,Chenango County,47445
36,36019,Clinton County,80679
36,36021,Columbia County,59785
36,36023,Cortland County,47722
36,36025,Delaware County,44526
36,36027,Dutchess County,293939
36,36029,Erie County,919717
36,36031,Essex County,37288
36,36033,Franklin County,50279
36,36035,Fulton County,53633
36,36037,Genesee County,57487
36,36039,Greene County,47381
36,36041,Hamilton County,4432
36,36043,Herkimer County,61713
36,36045,Jefferson County,111866
36,36047,Kings County,2578074
36,36049,Lewis County,26486
36,36051,Livingston County,63213
36,36053,Madison County,71117
36,36055,Monroe County,742864
36,36057,Montgomery County,49394
36,36059,Nassau County,1357534
36,36061,New York County,1629055
36,36063,Niagara County,210060
36,36065,Oneida County,229474
36,36067,Onondaga County,461649
36,36069,Ontario County,109738
36,36071,Orange County,382126
36,36073,Orleans County,40655
36,36075,Oswego County,117515
36,36077,Otsego County,59810
36,36079,Putnam County,98814
36,36081,Queens County,2274605
36,36083,Rensselaer County,159283
36,36085,Richmond County,476260
36,36087,Rockland County,325522
36,36089,St. Lawrence County,108327
36,36091,Saratoga County,230170
36,36093,Schenectady County,155079
36,36095,Schoharie County,31146
36,36097,Schuyler County,17884
36,36099,Seneca County,34179
36,36101,Steuben County,95860
36,36103,Suffolk County,1480830
36,36105,Sullivan County,75399
36,36107,Tioga County,48441
36,36109,Tompkins County,102419
36,36111,Ulster County,178418
36,36113,Warren County,64215
36,36115,Washington County,61274
36,36117,Wayne County,90200
36,36119,Westchester County,968213
36,36121,Wyoming County,40023
36,36123,Yates County,24951
37,37001,Alamance County,166514
37,37003,Alexander County,37331
37,37005,Alleghany County,11138
37,37007,Anson County,24470
37,37009,Ashe County,27099
37,37011,Avery County,17528
37,37013,Beaufort County,47056
37,37015,Bertie County,19106
37,37017,Bladen County,33151
37,37019,Brunswick County,136880
37,37021,Buncombe County,259259
37,37023,Burke County,90405
37,37025,Cabarrus County,211597
37,37027,Caldwell County,82026
37,37029,Camden County,10676
37,37031,Carteret County,69438
37,37033,Caswell County,22634
37,37035,Catawba County,158687
37,37037,Chatham County,73127
37,37039,Cherokee County,28369
37,37041,Chowan County,14065
37,37043,Clay County,11124
37,37045,Cleveland County,97519
37,37047,Columbus County,55819
37,37049,Craven County,102338
37,37051,Cumberland County,333430
37,37053,Currituck County,27016
37,37055,Dare County,36607
37,37057,Davidson County,166358
37,37059,Davie County,42563
37,37061,Duplin County,58991
37,37063,Durham County,316979
37,37065,Edgecombe County,51984
37,37067,Forsyth County,379216
37,37069,Franklin County,67625
37,37071,Gaston County,222630
37,37073,Gates County,11563
37,37075,Graham County,8461
37,37077,Granville County,59979
37,37079,Greene County,21106
37,37081,Guilford County,532607
37,37083,Halifax County,50634
37,37085,Harnett County,134336
37,37087,Haywood County,61890
37,37089,Henderson County,116500
37,37091,Hertford County,23878
37,37093,Hoke County,54695
37,37095,Hyde County,5026
37,37097,Iredell County,178332
37,37099,Jackson County,43600
37,37101,Johnston County,202692
37,37103,Jones County,9613
37,37105,Lee County,61208
37,37107,Lenoir County,55990
37,37109,Lincoln County,84092
37,37111,McDowell County,45465
37,37113,Macon County,35274
37,37115,Madison County,21665
37,37117,Martin County,22660
37,37119,Mecklenburg County,1093750
37,37121,Mitchell County,14996
37,37123,Montgomery County,27077
37,37125,Moore County,98805
37,37127,Nash County,94094
37,37129,New Hanover County,232256
37,37131,Northampton County,19698
37,37133,Onslow County,196915
37,37135,Orange County,147980
37,37137,Pamlico County,12633
37,37139,Pasquotank County,39583
37,37141,Pender County,62017
37,37143,Perquimans County,13381
37,37145,Person County,39436
37,37147,Pitt County,179575
37,37149,Polk County,20668
37,37151,Randolph County,143249
37,37153,Richmond County,44888
37,37155,Robeson County,131884
37,37157,Rockingham County,90617
37,37159,Rowan County,141128
37,37161,Rutherford County,66775
37,37163,Sampson County,63345
37,37165,Scotland County,34751
37,37167,Stanly County,62180
37,37169,Stokes County,45511
37,37171,Surry County,71959
37,37173,Swain County,14249
37,37175,Transylvania County,34173
37,37177,Tyrrell County,4115
37,37179,Union County,235830
37,37181,Vance County,44635
37,37183,Wake County,1091273
37,37185,Warren County,19819
37,37187,Washington County,11769
37,37189,Watauga County,56034
37,37191,Wayne County,123237
37,37193,Wilkes County,68563
37,37195,Wilson County,81392
37,37197,Yadkin County,37481
37,37199,Yancey County,17873
38,38001,Adams County,2276
38,38003,Barnes County,10527
38,38005,Benson County,6958
38,38007,Billings County,918
38,38009,Bottineau County,6398
38,38011,Bowman County,3067
38,38013,Burke County,2094
38,38015,Burleigh County,95276
38,38017,Cass County,180294
38,38019,Cavalier County,3811
38,38021,Dickey County,4931
38,38023,Divide County,2264
38,38025,Dunn County,4328
38,38027,Eddy County,2309
38,38029,Emmons County,3278
38,38031,Foster County,3207
38,38033,Golden Valley County,1763
38,38035,Grand Forks County,70355
38,38037,Grant County,2354
38,38039,Griggs County,2228
38,38041,Hettinger County,2503
38,38043,Kidder County,2453
38,38045,LaMoure County,4075
38,38047,Logan County,1887
38,38049,McHenry County,5808
38,38051,McIntosh County,2566
38,38053,McKenzie County,13594
38,38055,McLean County,9529
38,38057,Mercer County,8266
38,38059,Morton County,31058
38,38061,Mountrail County,10239
38,38063,Nelson County,2885
38,38065,Oliver County,1945
38,38067,Pembina County,6895
38,38069,Pierce County,4070
38,38071,Ramsey County,11580
38,38073,Ransom County,5224
38,38075,Renville County,2358
38,38077,Richland County,16229
38,38079,Rolette County,14349
38,38081,Sargent County,3851
38,38083,Sheridan County,1342
38,38085,Sioux County,4377
38,38087,Slope County,761
38,38089,Stark County,30893
38,38091,Steele County,1892
38,38093,Stutsman County,20875
38,38095,Towner County,2185
38,38097,Traill County,8020
38,38099,Walsh County,10645
38,38101,Ward County,67713
38,38103,Wells County,3908
38,38105,Williams County,35469
39,39001,Adams County,27694
39,39003,Allen County,102725
39,39005,Ashland County,53706
39,39007,Ashtabula County,97587
39,39009,Athens County,65519
39,39011,Auglaize County,45736
39,39013,Belmont County,67533
39,39015,Brown County,43570
39,39017,Butler County,382000
39,39019,Carroll County,27082
39,39021,Champaign County,38785
39,39023,Clark County,134528
39,39025,Clermont County,205526
39,39027,Clinton County,42085
39,39029,Columbiana County,102473
39,39031,Coshocton County,36596
39,39033,Crawford County,41484
39,39035,Cuyahoga County,1241718
39,39037,Darke County,51299
39,39039,Defiance County,38089
39,39041,Delaware County,205091
39,39043,Erie County,74513
39,39045,Fairfield County,155982
39,39047,Fayette County,28653
39,39049,Franklin County,1307698
39,39051,Fulton County,42267
39,39053,Gallia County,29945
39,39055,Geauga County,93945
39,39057,Greene County,167446
39,39059,Guernsey County,39011
39,39061,Hamilton County,815445
39,39063,Hancock County,75920
39,39065,Hardin County,31418
39,39067,Harrison County,15167
39,39069,Henry County,27091
39,39071,Highland County,43052
39,39073,Hocking County,28357
39,39075,Holmes County,43919
39,39077,Huron County,58364
39,39079,Jackson County,32366
39,39081,Jefferson County,65774
39,39083,Knox County,61900
39,39085,Lake County,230102
39,39087,Lawrence County,59767
39,39089,Licking County,175666
39,39091,Logan County,45332
39,39093,Lorain County,309052
39,39095,Lucas County,429612
39,39097,Madison County,44389
39,39099,Mahoning County,229216
39,39101,Marion County,65427
39,39103,Medina County,178978
39,39105,Meigs County,23064
39,39107,Mercer County,40952
39,39109,Miami County,106042
39,39111,Monroe County,13787
39,39113,Montgomery County,531600
39,39115,Morgan County,14581
39,39117,Morrow County,35113
39,39119,Muskingum County,86131
39,39121,Noble County,14347
39,39123,Ottawa County,40769
39,39125,Paulding County,18742
39,39127,Perry County,36039
39,39129,Pickaway County,58077
39,39131,Pike County,27932
39,39133,Portage County,162502
39,39135,Preble County,41011
39,39137,Putnam County,33802
39,39139,Richland County,120987
39,39141,Ross County,76884
39,39143,Sandusky County,58740
39,39145,Scioto County,75480
39,39147,Seneca County,55194
39,39149,Shelby County,48622
39,39151,Stark County,371248
39,39153,Summit County,541353
39,39155,Trumbull County,198539
39,39157,Tuscarawas County,92079
39,39159,Union County,57782
39,39161,Van Wert County,28253
39,39163,Vinton County,13145
39,39165,Warren County,231945
39,39167,Washington County,60111
39,39169,Wayne County,115790
39,39171,Williams County,36739
39,39173,Wood County,130441
39,39175,Wyandot County,21918
40,40001,Adair County,22224
40,40003,Alfalfa County,5765
40,40005,Atoka County,13795
40,40007,Beaver County,5318
40,40009,Beckham County,21720
40,40011,Blaine County,9454
40,40013,Bryan County,47191
40,40015,Caddo County,29028
40,40017,Canadian County,144426
40,40019,Carter County,48213
40,40021,Cherokee County,48607
40,40023,Choctaw County,14698
40,40025,Cimarron County,2165
40,40027,Cleveland County,281166
40,40029,Coal County,5520
40,40031,Comanche County,120528
40,40033,Cotton County,5820
40,40035,Craig County,14300
40,40037,Creek County,71730
40,40039,Custer County,28995
40,40041,Delaware County,42814
40,40043,Dewey County,4931
40,40045,Ellis County,3939
40,40047,Garfield County,61095
40,40049,Garvin County,27746
40,40051,Grady County,55448
40,40053,Grant County,4321
40,40055,Greer County,5814
40,40057,Harmon County,2691
40,40059,Harper County,3727
40,40061,Haskell County,12636
40,40063,Hughes County,13305
40,40065,Jackson County,24775
40,40067,Jefferson County,6106
40,40069,Johnston County,11020
40,40071,Kay County,43944
40,40073,Kingfisher County,15814
40,40075,Kiowa County,8732
40,40077,Latimer County,10175
40,40079,Le Flore County,50093
40,40081,Lincoln County,34837
40,40083,Logan County,47248
40,40085,Love County,10156
40,40087,McClain County,39887
40,40089,McCurtain County,32967
40,40091,McIntosh County,19745
40,40093,Major County,7627
40,40095,Marshall County,16727
40,40097,Mayes County,41210
40,40099,Murray County,13968
40,40101,Muskogee County,68324
40,40103,Noble County,11279
40,40105,Nowata County,10278
40,40107,Okfuskee County,12081
40,40109,Oklahoma County,790593
40,40111,Okmulgee County,38321
40,40113,Osage County,47121
40,40115,Ottawa County,31319
40,40117,Pawnee County,16356
40,40119,Payne County,82172
40,40121,Pittsburg County,43870
40,40123,Pontotoc County,38272
40,40125,Pottawatomie County,72513
40,40127,Pushmataha County,11192
40,40129,Roger Mills County,3646
40,40131,Rogers County,91801
40,40133,Seminole County,24520
40,40135,Sequoyah County,41585
40,40137,Stephens County,43179
40,40139,Texas County,20491
40,40141,Tillman County,7323
40,40143,Tulsa County,647683
40,40145,Wagoner County,80123
40,40147,Washington County,51791
40,40149,Washita County,11036
40,40151,Woods County,8893
40,40153,Woodward County,20312
41,41001,Baker County,16034
41,41003,Benton County,92442
41,41005,Clackamas County,415416
41,41007,Clatsop County,39711
41,41009,Columbia County,52245
41,41011,Coos County,64272
41,41013,Crook County,23825
41,41015,Curry County,22795
41,41017,Deschutes County,191905
41,41019,Douglas County,110114
41,41021,Gilliam County,1893
41,41023,Grant County,7185
41,41025,Harney County,7292
41,41027,Hood River County,23267
41,41029,Jackson County,219411
41,41031,Jefferson County,24150
41,41033,Josephine County,87150
41,41035,Klamath County,67687
41,41037,Lake County,7835
41,41039,Lane County,378549
41,41041,Lincoln County,49224
41,41043,Linn County,127451
41,41045,Malheur County,30553
41,41047,Marion County,345412
41,41049,Morrow County,11360
41,41051,Multnomah County,809072
41,41053,Polk County,84992
41,41055,Sherman County,1700
41,41057,Tillamook County,26710
41,41059,Umatilla County,77421
41,41061,Union County,26701
41,41063,Wallowa County,7058
41,41065,Wasco County,26432
41,41067,Washington County,596904
41,41069,Wheeler County,1351
41,41071,Yamhill County,106367
42,42001,Adams County,103062
42,42003,Allegheny County,1217281
42,42005,Armstrong County,65352
42,42007,Beaver County,164582
42,42009,Bedford County,48094
42,42011,Berks County,420529
42,42013,Blair County,122503
42,42015,Bradford County,60794
42,42017,Bucks County,627812
42,42019,Butler County,187638
42,42021,Cambria County,131449
42,42023,Cameron County,4501
42,42025,Carbon County,64175
42,42027,Centre County,162601
42,42029,Chester County,522086
42,42031,Clarion County,38672
42,42033,Clearfield County,79572
42,42035,Clinton County,38696
42,42037,Columbia County,65215
42,42039,Crawford County,85110
42,42041,Cumberland County,251131
42,42043,Dauphin County,276864
42,42045,Delaware County,565231
42,42047,Elk County,30110
42,42049,Erie County,271544
42,42051,Fayette County,130323
42,42053,Forest County,7284
42,42055,Franklin County,154579
42,42057,Fulton County,14525
42,42059,Greene County,36661
42,42061,Huntingdon County,45395
42,42063,Indiana County,84441
42,42065,Jefferson County,43614
42,42067,Juniata County,24718
42,42069,Lackawanna County,210269
42,42071,Lancaster County,543969
42,42073,Lawrence County,86128
42,42075,Lebanon County,141339
42,42077,Lehigh County,368359
42,42079,Luzerne County,317859
42,42081,Lycoming County,113866
42,42083,McKean County,40950
42,42085,Mercer County,110471
42,42087,Mifflin County,46211
42,42089,Monroe County,169294
42,42091,Montgomery County,826924
42,42093,Montour County,18240
42,42095,Northampton County,304564
42,42097,Northumberland County,91080
42,42099,Perry County,46154
42,42101,Philadelphia County,1583592
42,42103,Pike County,55780
42,42105,Potter County,16623
42,42107,Schuylkill County,141815
42,42109,Snyder County,40518
42,42111,Somerset County,73872
42,42113,Sullivan County,6076
42,42115,Susquehanna County,40560
42,42117,Tioga County,40690
42,42119,Union County,45017
42,42121,Venango County,51201
42,42123,Warren County,39551
42,42125,Washington County,207018
42,42127,Wayne County,51395
42,42129,Westmoreland County,350459
42,42131,Wyoming County,27087
42,42133,York County,447847
44,44001,Bristol County,48637
44,44003,Kent County,164053
44,44005,Newport County,82547
44,44007,Providence County,636953
44,44009,Washington County,126097
45,45001,Abbeville County,24587
45,45003,Aiken County,169449
45,45005,Allendale County,8924
45,45007,Anderson County,200292
45,45009,Bamberg County,14272
45,45011,Barnwell County,21121
45,45013,Beaufort County,188876
45,45015,Berkeley County,221182
45,45017,Calhoun County,14563
45,45019,Charleston County,406222
45,45021,Cherokee County,57069
45,45023,Chester County,32304
45,45025,Chesterfield County,45881
45,45027,Clarendon County,33742
45,45029,Colleton County,37676
45,45031,Darlington County,66759
45,45033,Dillon County,30612
45,45035,Dorchester County,160718
45,45037,Edgefield County,27132
45,45039,Fairfield County,22376
45,45041,Florence County,138277
45,45043,Georgetown County,62232
45,45045,Greenville County,514621
45,45047,Greenwood County,70597
45,45049,Hampton County,19348
45,45051,Horry County,344105
45,45053,Jasper County,29147
45,45055,Kershaw County,65802
45,45057,Lancaster County,95035
45,45059,Laurens County,66890
45,45061,Lee County,17294
45,45063,Lexington County,294350
45,45065,McCormick County,9408
45,45067,Marion County,31056
45,45069,Marlboro County,26392
45,45071,Newberry County,38443
45,45073,Oconee County,78307
45,45075,Orangeburg County,87013
45,45077,Pickens County,125225
45,45079,Richland County,414202
45,45081,Saluda County,20397
45,45083,Spartanburg County,314137
45,45085,Sumter County,106409
45,45087,Union County,27324
45,45089,Williamsburg County,30606
45,45091,York County,273782
46,46003,Aurora County,2785
46,46005,Beadle County,18423
46,46007,Bennett County,3473
46,46009,Bon Homme County,6910
46,46011,Brookings County,35077
46,46013,Brown County,39145
46,46015,Brule County,5230
46,46017,Buffalo County,2027
46,46019,Butte County,10253
46,46021,Campbell County,1366
46,46023,Charles Mix County,9331
46,46025,Clark County,3726
46,46027,Clay County,13983
46,46029,Codington County,28033
46,46031,Corson County,4178
46,46033,Custer County,8812
46,46035,Davison County,19784
46,46037,Day County,5507
46,46039,Deuel County,4352
46,46041,Dewey County,5925
46,46043,Douglas County,2926
46,46045,Edmunds County,3866
46,46047,Fall River County,6740
46,46049,Faulk County,2315
46,46051,Grant County,7103
46,46053,Gregory County,4189
46,46055,Haakon County,1902
46,46057,Hamlin County,6070
46,46059,Hand County,3240
46,46061,Hanson County,3364
46,46063,Harding County,1252
46,46065,Hughes County,17683
46,46067,Hutchinson County,7306
46,46069,Hyde County,1271
46,46071,Jackson County,3278
46,46073,Jerauld County,2026
46,46075,Jones County,928
46,46077,Kingsbury County,4926
46,46079,Lake County,13055
46,46081,Lawrence County,25727
46,46083,Lincoln County,58795
46,46085,Lyman County,3804
46,46087,McCook County,5601
46,46089,McPherson County,2401
46,46091,Marshall County,4921
46,46093,Meade County,28204
46,46095,Mellette County,2034
46,46097,Miner County,2204
46,46099,Minnehaha County,190992
46,46101,Moody County,6502
46,46102,Oglala Lakota County,14331
46,46103,Pennington County,111950
46,46105,Perkins County,2908
46,46107,Potter County,2206
46,46109,Roberts County,10376
46,46111,Sanborn County,2396
46,46115,Spink County,6484
46,46117,Stanley County,3017
46,46119,Sully County,1377
46,46121,Todd County,10245
46,46123,Tripp County,5491
46,46125,Turner County,8422
46,46127,Union County,15570
46,46129,Walworth County,5477
46,46135,Yankton County,22759
46,46137,Ziebach County,2744
47,47001,Anderson County,76287
47,47003,Bedford County,49146
47,47005,Benton County,16246
47,47007,Bledsoe County,14883
47,47009,Blount County,131331
47,47011,Bradley County,107050
47,47013,Campbell County,39795
47,47015,Cannon County,14440
47,47017,Carroll County,27975
47,47019,Carter County,56417
47,47021,Cheatham County,40502
47,47023,Chester County,17245
47,47025,Claiborne County,31850
47,47027,Clay County,7677
47,47029,Cocke County,35858
47,47031,Coffee County,55877
47,47033,Crockett County,14296
47,47035,Cumberland County,59738
47,47037,Davidson County,690516
47,47039,Decatur County,11699
47,47041,DeKalb County,20133
47,47043,Dickson County,53446
47,47045,Dyer County,37286
47,47047,Fayette County,40556
47,47049,Fentress County,18322
47,47051,Franklin County,41935
47,47053,Gibson County,49171
47,47055,Giles County,29446
47,47057,Grainger County,23137
47,47059,Greene County,69164
47,47061,Grundy County,13348
47,47063,Hamblen County,64629
47,47065,Hamilton County,364293
47,47067,Hancock County,6561
47,47069,Hardeman County,25276
47,47071,Hardin County,25693
47,47073,Hawkins County,56713
47,47075,Haywood County,17347
47,47077,Henderson County,27983
47,47079,Henry County,32336
47,47081,Hickman County,25007
47,47083,Houston County,8234
47,47085,Humphreys County,18551
47,47087,Jackson County,11777
47,47089,Jefferson County,54012
47,47091,Johnson County,17774
47,47093,Knox County,466258
47,47095,Lake County,7407
47,47097,Lauderdale County,25997
47,47099,Lawrence County,43771
47,47101,Lewis County,12074
47,47103,Lincoln County,34189
47,47105,Loudon County,53082
47,47107,McMinn County,53336
47,47109,McNairy County,25830
47,47111,Macon County,24289
47,47113,Madison County,97603
47,47115,Marion County,28598
47,47117,Marshall County,33806
47,47119,Maury County,94273
47,47121,Meigs County,12297
47,47123,Monroe County,46269
47,47125,Montgomery County,205312
47,47127,Moore County,6457
47,47129,Morgan County,21534
47,47131,Obion County,30274
47,47133,Overton County,22068
47,47135,Perry County,8050
47,47137,Pickett County,5053
47,47139,Polk County,16918
47,47141,Putnam County,78631
47,47143,Rhea County,32911
47,47145,Roane County,53258
47,47147,Robertson County,71179
47,47149,Rutherford County,324647
47,47151,Scott County,22028
47,47153,Sequatchie County,14891
47,47155,Sevier County,97895
47,47157,Shelby County,936365
47,47159,Smith County,19979
47,47161,Stewart County,13619
47,47163,Sullivan County,157599
47,47165,Sumner County,187490
47,47167,Tipton County,61576
47,47169,Trousdale County,11033
47,47171,Unicoi County,17822
47,47173,Union County,19689
47,47175,Van Buren County,5763
47,47177,Warren County,40826
47,47179,Washington County,128661
47,47181,Wayne County,16635
47,47183,Weakley County,33413
47,47185,White County,27086
47,47187,Williamson County,231978
47,47189,Wilson County,140954
48,48001,Anderson County,57974
48,48003,Andrews County,18011
48,48005,Angelina County,86810
48,48007,Aransas County,23446
48,48009,Archer County,8700
48,48011,Armstrong County,1879
48,48013,Atascosa County,50322
48,48015,Austin County,29965
48,48017,Bailey County,7015
48,48019,Bandera County,22792
48,48021,Bastrop County,86595
48,48023,Baylor County,3573
48,48025,Bee County,32467
48,48027,Bell County,355397
48,48029,Bexar County,1981187
48,48031,Blanco County,11648
48,48033,Borden County,647
48,48035,Bosque County,18629
48,48037,Bowie County,93688
48,48039,Brazoria County,368887
48,48041,Brazos County,225781
48,48043,Brewster County,9272
48,48045,Briscoe County,1512
48,48047,Brooks County,7099
48,48049,Brown County,37820
48,48051,Burleson County,18335
48,48053,Burnet County,47344
48,48055,Caldwell County,43161
48,48057,Calhoun County,21504
48,48059,Callahan County,13990
48,48061,Cameron County,422139
48,48063,Camp County,12983
48,48065,Carson County,6007
48,48067,Cass County,30106
48,48069,Castro County,7588
48,48071,Chambers County,42227
48,48073,Cherokee County,52381
48,48075,Childress County,7315
48,48077,Clay County,10448
48,48079,Cochran County,2831
48,48081,Coke County,3355
48,48083,Coleman County,8367
48,48085,Collin County,1004307
48,48087,Collingsworth County,2942
48,48089,Colorado County,21305
48,48091,Comal County,148141
48,48093,Comanche County,13540
48,48095,Concho County,2683
48,48097,Cooke County,40504
48,48099,Coryell County,74741
48,48101,Cottle County,1382
48,48103,Crane County,4755
48,48105,Crockett County,3439
48,48107,Crosby County,5764
48,48109,Culberson County,2194
48,48111,Dallam County,7303
48,48113,Dallas County,2629350
48,48115,Dawson County,12605
48,48117,Deaf Smith County,18711
48,48119,Delta County,5332
48,48121,Denton County,858741
48,48123,DeWitt County,20106
48,48125,Dickens County,2218
48,48127,Dimmit County,10195
48,48129,Donley County,3315
48,48131,Duval County,11147
48,48133,Eastland County,18319
48,48135,Ector County,161960
48,48137,Edwards County,1908
48,48139,Ellis County,179006
48,48141,El Paso County,836825
48,48143,Erath County,42223
48,48145,Falls County,17231
48,48147,Fannin County,35185
48,48149,Fayette County,25278
48,48151,Fisher County,3821
48,48153,Floyd County,5783
48,48155,Foard County,1191
48,48157,Fort Bend County,788081
48,48159,Franklin County,10778
48,48161,Freestone County,19789
48,48163,Frio County,20211
48,48165,Gaines County,20820
48,48167,Galveston County,337858
48,48169,Garza County,6243
48,48171,Gillespie County,26702
48,48173,Glasscock County,1391
48,48175,Goliad County,7588
48,48177,Gonzales County,20781
48,48179,Gray County,22051
48,48181,Grayson County,133787
48,48183,Gregg County,123251
48,48185,Grimes County,28291
48,48187,Guadalupe County,163276
48,48189,Hale County,33631
48,48191,Hall County,3025
48,48193,Hamilton County,8477
48,48195,Hansford County,5470
48,48197,Hardeman County,3929
48,48199,Hardin County,57107
48,48201,Harris County,4680045
48,48203,Harrison County,66584
48,48205,Hartley County,5611
48,48207,Haskell County,5699
48,48209,Hays County,222706
48,48211,Hemphill County,3845
48,48213,Henderson County,82103
48,48215,Hidalgo County,862298
48,48217,Hill County,36165
48,48219,Hockley County,22971
48,48221,Hood County,60177
48,48223,Hopkins County,36738
48,48225,Houston County,23068
48,48227,Howard County,35925
48,48229,Hudspeth County,4788
48,48231,Hunt County,96606
48,48233,Hutchinson County,21119
48,48235,Irion County,1516
48,48237,Jack County,8825
48,48239,Jackson County,14834
48,48241,Jasper County,35769
48,48243,Jeff Davis County,2243
48,48245,Jefferson County,253234
48,48247,Jim Hogg County,5192
48,48249,Jim Wells County,40756
48,48251,Johnson County,171121
48,48253,Jones County,19866
48,48255,Karnes County,15660
48,48257,Kaufman County,128279
48,48259,Kendall County,45603
48,48261,Kenedy County,437
48,48263,Kent County,726
48,48265,Kerr County,52415
48,48267,Kimble County,4338
48,48269,King County,276
48,48271,Kinney County,3692
48,48273,Kleberg County,30722
48,48275,Knox County,3662
48,48277,Lamar County,49729
48,48279,Lamb County,13103
48,48281,Lampasas County,21134
48,48283,La Salle County,7493
48,48285,Lavaca County,20114
48,48287,Lee County,17097
48,48289,Leon County,17260
48,48291,Liberty County,85802
48,48293,Limestone County,23343
48,48295,Lipscomb County,3342
48,48297,Live Oak County,12148
48,48299,Llano County,21600
48,48301,Loving County,148
48,48303,Lubbock County,307627
48,48305,Lynn County,5848
48,48307,McCulloch County,7982
48,48309,McLennan County,254196
48,48311,McMullen County,731
48,48313,Madison County,14363
48,48315,Marion County,9915
48,48317,Martin County,5681
48,48319,Mason County,4259
48,48321,Matagorda County,36566
48,48323,Maverick County,58276
48,48325,Medina County,50862
48,48327,Menard County,2120
48,48329,Midland County,172505
48,48331,Milam County,25045
48,48333,Mills County,4883
48,48335,Mitchell County,8525
48,48337,Montague County,19584
48,48339,Montgomery County,589770
48,48341,Moore County,21083
48,48343,Morris County,12303
48,48345,Motley County,1232
48,48347,Nacogdoches County,65161
48,48349,Navarro County,49536
48,48351,Newton County,13751
48,48353,Nolan County,14799
48,48355,Nueces County,362026
48,48357,Ochiltree County,9866
48,48359,Oldham County,2118
48,48361,Orange County,83474
48,48363,Palo Pinto County,28874
48,48365,Panola County,23142
48,48367,Parker County,138070
48,48369,Parmer County,9719
48,48371,Pecos County,15709
48,48373,Polk County,49955
48,48375,Potter County,118711
48,48377,Presidio County,6856
48,48379,Rains County,12147
48,48381,Randall County,135691
48,48383,Reagan County,3736
48,48385,Real County,3477
48,48387,Red River County,12143
48,48389,Reeves County,15513
48,48391,Refugio County,7000
48,48393,Roberts County,898
48,48395,Robertson County,17219
48,48397,Rockwall County,100546
48,48399,Runnels County,10178
48,48401,Rusk County,54301
48,48403,Sabine County,10576
48,48405,San Augustine County,8254
48,48407,San Jacinto County,28717
48,48409,San Patricio County,66671
48,48411,San Saba County,6060
48,48413,Schleicher County,2880
48,48415,Scurry County,16812
48,48417,Shackelford County,3256
48,48419,Shelby County,25307
48,48421,Sherman County,3101
48,48423,Smith County,229749
48,48425,Somervell County,9030
48,48427,Starr County,64249
48,48429,Stephens County,9405
48,48431,Sterling County,1304
48,48433,Stonewall County,1352
48,48435,Sutton County,3752
48,48437,Swisher County,7413
48,48439,Tarrant County,2081446
48,48441,Taylor County,137294
48,48443,Terrell County,810
48,48445,Terry County,12344
48,48447,Throckmorton County,1504
48,48449,Titus County,32743
48,48451,Tom Green County,118014
48,48453,Travis County,1246572
48,48455,Trinity County,14688
48,48457,Tyler County,21609
48,48459,Upshur County,41179
48,48461,Upton County,3637
48,48463,Uvalde County,26787
48,48465,Val Verde County,48988
48,48467,Van Zandt County,55966
48,48469,Victoria County,91878
48,48471,Walker County,73136
48,48473,Waller County,53512
48,48475,Ward County,11709
48,48477,Washington County,35496
48,48479,Webb County,275120
48,48481,Wharton County,41499
48,48483,Wheeler County,5158
48,48485,Wichita County,131807
48,48487,Wilbarger County,12777
48,48489,Willacy County,21450
48,48491,Williamson County,566463
48,48493,Wilson County,50196
48,48495,Winkler County,7778
48,48497,Wise County,68284
48,48499,Wood County,45157
48,48501,Yoakum County,8590
48,48503,Young County,17986
48,48505,Zapata County,14149
48,48507,Zavala County,11969
49,49001,Beaver County,6625
49,49003,Box Elder County,54906
49,49005,Cache County,126400
49,49007,Carbon County,20233
49,49009,Daggett County,974
49,49011,Davis County,351101
49,49013,Duchesne County,19943
49,49015,Emery County,10003
49,49017,Garfield County,5002
49,49019,Grand County,9686
49,49021,Iron County,52678
49,49023,Juab County,11629
49,49025,Kane County,7677
49,49027,Millard County,12987
49,49029,Morgan County,11956
49,49031,Piute County,1438
49,49033,Rich County,2456
49,49035,Salt Lake County,1148692
49,49037,San Juan County,15358
49,49039,Sanpete County,30503
49,49041,Sevier County,21497
49,49043,Summit County,41890
49,49045,Tooele County,69989
49,49047,Uintah County,35405
49,49049,Utah County,621520
49,49051,Wasatch County,33067
49,49053,Washington County,171567
49,49055,Wayne County,2671
49,49057,Weber County,255697
50,50001,Addison County,36873
50,50003,Bennington County,35520
50,50005,Caledonia County,30236
50,50007,Chittenden County,163571
50,50009,Essex County,6234
50,50011,Franklin County,49258
50,50013,Grand Isle County,7110
50,50015,Lamoille County,25295
50,50017,Orange County,28888
50,50019,Orleans County,26859
50,50021,Rutland County,58596
50,50023,Washington County,58079
50,50025,Windham County,42635
50,50027,Windsor County,55204
51,51001,Accomack County,32581
51,51003,Albemarle County,108377
51,51005,Alleghany County,14986
51,51007,Amelia County,13057
51,51009,Amherst County,31684
51,51011,Appomattox County,15881
51,51013,Arlington County,236025
51,51015,Augusta County,75535
51,51017,Bath County,4253
51,51019,Bedford County,78882
51,51021,Bland County,6303
51,51023,Botetourt County,33352
51,51025,Brunswick County,16336
51,51027,Buchanan County,21369
51,51029,Buckingham County,17043
51,51031,Campbell County,55137
51,51033,Caroline County,30751
51,51035,Carroll County,29741
51,51036,Charles City County,7000
51,51037,Charlotte County,11944
51,51041,Chesterfield County,348281
51,51043,Clarke County,14511
51,51045,Craig County,5102
51,51047,Culpeper County,51795
51,51049,Cumberland County,9857
51,51051,Dickenson County,14526
51,51053,Dinwiddie County,28633
51,51057,Essex County,10896
51,51059,Fairfax County,1148463
51,51061,Fauquier County,70642
51,51063,Floyd County,15790
51,51065,Fluvanna County,26898
51,51067,Franklin County,56191
51,51069,Frederick County,88173
51,51071,Giles County,16799
51,51073,Gloucester County,37341
51,51075,Goochland County,23219
51,51077,Grayson County,15635
51,51079,Greene County,19692
51,51081,Greensville County,11432
51,51083,Halifax County,34181
51,51085,Hanover County,106886
51,51087,Henrico County,328993
51,51089,Henry County,51050
51,51091,Highland County,2208
51,51093,Isle of Wight County,36972
51,51095,James City County,76033
51,51097,King and Queen County,7045
51,51099,King George County,26612
51,51101,King William County,16919
51,51103,Lancaster County,10696
51,51105,Lee County,23656
51,51107,Loudoun County,405522
51,51109,Louisa County,36784
51,51111,Lunenburg County,12215
51,51113,Madison County,13248
51,51115,Mathews County,8792
51,51117,Mecklenburg County,30624
51,51119,Middlesex County,10733
51,51121,Montgomery County,98532
51,51125,Nelson County,14862
51,51127,New Kent County,22317
51,51131,Northampton County,11761
51,51133,Northumberland County,12168
51,51135,Nottoway County,15400
51,51137,Orange County,36598
51,51139,Page County,23972
51,51141,Patrick County,17663
51,51143,Pittsylvania County,60901
51,51145,Powhatan County,29210
51,51147,Prince Edward County,22906
51,51149,Prince George County,37993
51,51153,Prince William County,466235
51,51155,Pulaski County,34060
51,51157,Rappahannock County,7345
51,51159,Richmond County,8970
51,51161,Roanoke County,94086
51,51163,Rockbridge County,22761
51,51165,Rockingham County,81261
51,51167,Russell County,26795
51,51169,Scott County,21672
51,51171,Shenandoah County,43473
51,51173,Smyth County,30454
51,51175,Southampton County,17713
51,51177,Spotsylvania County,134011
51,51179,Stafford County,149824
51,51181,Surry County,6463
51,51183,Sussex County,11241
51,51185,Tazewell County,41058
51,51187,Warren County,40006
51,51191,Washington County,54067
51,51193,Westmoreland County,17817
51,51195,Wise County,37875
51,51197,Wythe County,28698
51,51199,York County,67976
51,51510,Alexandria city,159069
51,51520,Bristol city,16685
51,51530,Buena Vista city,6494
51,51540,Charlottesville city,47506
51,51550,Chesapeake city,242359
51,51570,Colonial Heights city,17504
51,51580,Covington city,5578
51,51590,Danville city,40649
51,51595,Emporia city,5363
51,51600,Fairfax city,23725
51,51610,Falls Church city,14467
51,51620,Franklin city,8089
51,51630,Fredericksburg city,29171
51,51640,Galax city,6348
51,51650,Hampton city,134330
51,51660,Harrisonburg city,53488
51,51670,Hopewell city,22478
51,51678,Lexington city,7297
51,51680,Lynchburg city,81309
51,51683,Manassas city,41046
51,51685,Manassas Park city,17718
51,51690,Martinsville city,12627
51,51700,Newport News city,178523
51,51710,Norfolk city,243585
51,51720,Norton city,3972
51,51730,Petersburg city,31056
51,51735,Poquoson city,12169
51,51740,Portsmouth city,94750
51,51750,Radford city,18101
51,51760,Richmond city,229221
51,51770,Roanoke city,99009
51,51775,Salem city,25293
51,51790,Staunton city,24562
51,51800,Suffolk city,90975
51,51810,Virginia Beach city,449849
51,51820,Waynesboro city,22531
51,51830,Williamsburg city,15002
51,51840,Winchester city,27962
53,53001,Adams County,19736
53,53003,Asotin County,22616
53,53005,Benton County,201286
53,53007,Chelan County,76752
53,53009,Clallam County,76551
53,53011,Clark County,481427
53,53013,Columbia County,4039
53,53015,Cowlitz County,108752
53,53017,Douglas County,42749
53,53019,Ferry County,7638
53,53021,Franklin County,94003
53,53023,Garfield County,2240
53,53025,Grant County,96672
53,53027,Grays Harbor County,73801
53,53029,Island County,84227
53,53031,Jefferson County,31746
53,53033,King County,2228364
53,53035,Kitsap County,269276
53,53037,Kittitas County,47358
53,53039,Klickitat County,22136
53,53041,Lewis County,79569
53,53043,Lincoln County,10726
53,53045,Mason County,65380
53,53047,Okanogan County,42117
53,53049,Pacific County,22074
53,53051,Pend Oreille County,13586
53,53053,Pierce County,893756
53,53055,San Juan County,17124
53,53057,Skagit County,127835
53,53059,Skamania County,11919
53,53061,Snohomish County,813059
53,53063,Spokane County,513603
53,53065,Stevens County,45224
53,53067,Thurston County,286056
53,53069,Wahkiakum County,4415
53,53071,Walla Walla County,60615
53,53073,Whatcom County,225197
53,53075,Whitman County,49683
53,53077,Yakima County,250562
54,54001,Barbour County,16487
54,54003,Berkeley County,117236
54,54005,Boone County,21953
54,54007,Braxton County,14076
54,54009,Brooke County,22129
54,54011,Cabell County,93035
54,54013,Calhoun County,7217
54,54015,Clay County,8639
54,54017,Doddridge County,8556
54,54019,Fayette County,42982
54,54021,Gilmer County,7898
54,54023,Grant County,11630
54,54025,Greenbrier County,34792
54,54027,Hampshire County,23357
54,54029,Hancock County,29079
54,54031,Hardy County,13764
54,54033,Harrison County,67494
54,54035,Jackson County,28695
54,54037,Jefferson County,56890
54,54039,Kanawha County,180410
54,54041,Lewis County,16017
54,54043,Lincoln County,20583
54,54045,Logan County,32609
54,54047,McDowell County,18221
54,54049,Marion County,56091
54,54051,Marshall County,30821
54,54053,Mason County,26752
54,54055,Mercer County,59202
54,54057,Mineral County,26953
54,54059,Mingo County,23851
54,54061,Monongalia County,105651
54,54063,Monroe County,13289
54,54065,Morgan County,17830
54,54067,Nicholas County,24835
54,54069,Ohio County,41705
54,54071,Pendleton County,6984
54,54073,Pleasants County,7505
54,54075,Pocahontas County,8408
54,54077,Preston County,33553
54,54079,Putnam County,56642
54,54081,Raleigh County,74172
54,54083,Randolph County,28814
54,54085,Ritchie County,9748
54,54087,Roane County,13918
54,54089,Summers County,12672
54,54091,Taylor County,16828
54,54093,Tucker County,6937
54,54095,Tyler County,8740
54,54097,Upshur County,24372
54,54099,Wayne County,39961
54,54101,Webster County,8274
54,54103,Wetzel County,15259
54,54105,Wirt County,5811
54,54107,Wood County,84180
54,54109,Wyoming County,20784
55,55001,Adams County,20341
55,55003,Ashland County,15587
55,55005,Barron County,45150
55,55007,Bayfield County,15026
55,55009,Brown County,263165
55,55011,Buffalo County,13114
55,55013,Burnett County,15374
55,55015,Calumet County,50132
55,55017,Chippewa County,64109
55,55019,Clark County,34705
55,55021,Columbia County,57333
55,55023,Crawford County,16265
55,55025,Dane County,541948
55,55027,Dodge County,87833
55,55029,Door County,27589
55,55031,Douglas County,43143
55,55033,Dunn County,45091
55,55035,Eau Claire County,104355
55,55037,Florence County,4294
55,55039,Fond du Lac County,103001
55,55041,Forest County,8977
55,55043,Grant County,51444
55,55045,Green County,36924
55,55047,Green Lake County,18849
55,55049,Iowa County,23722
55,55051,Iron County,5687
55,55053,Jackson County,20472
55,55055,Jefferson County,85049
55,55057,Juneau County,26593
55,55059,Kenosha County,168926
55,55061,Kewaunee County,20395
55,55063,La Crosse County,118041
55,55065,Lafayette County,16672
55,55067,Langlade County,19236
55,55069,Lincoln County,27673
55,55071,Manitowoc County,79015
55,55073,Marathon County,135421
55,55075,Marinette County,40402
55,55077,Marquette County,15418
55,55078,Menominee County,4595
55,55079,Milwaukee County,946969
55,55081,Monroe County,46141
55,55083,Oconto County,37824
55,55085,Oneida County,35444
55,55087,Outagamie County,186879
55,55089,Ozaukee County,89059
55,55091,Pepin County,7304
55,55093,Pierce County,42592
55,55095,Polk County,43568
55,55097,Portage County,70850
55,55099,Price County,13357
55,55101,Racine County,196357
55,55103,Richland County,17397
55,55105,Rock County,162874
55,55107,Rusk County,14110
55,55109,St. Croix County,89688
55,55111,Sauk County,64318
55,55113,Sawyer County,16464
55,55115,Shawano County,40771
55,55117,Sheboygan County,115233
55,55119,Taylor County,20364
55,55121,Trempealeau County,29494
55,55123,Vernon County,30772
55,55125,Vilas County,21928
55,55127,Walworth County,103550
55,55129,Washburn County,15837
55,55131,Washington County,135445
55,55133,Waukesha County,402522
55,55135,Waupaca County,51130
55,55137,Waushara County,24267
55,55139,Winnebago County,170878
55,55141,Wood County,72954
56,56001,Albany County,38728
56,56003,Big Horn County,11877
56,56005,Campbell County,46299
56,56007,Carbon County,14879
56,56009,Converse County,13658
56,56011,Crook County,7445
56,56013,Fremont County,39561
56,56015,Goshen County,13292
56,56017,Hot Springs County,4568
56,56019,Johnson County,8446
56,56021,Laramie County,98865
56,56023,Lincoln County,19445
56,56025,Natrona County,79175
56,56027,Niobrara County,2400
56,56029,Park County,29210
56,56031,Platte County,8516
56,56033,Sheridan County,30219
56,56035,Sublette County,9798
56,56037,Sweetwater County,42858
56,56039,Teton County,23269
56,56041,Uinta County,20292
56,56043,Washakie County,7877
56,56045,Weston County,6924
